sr_no,date,startup_name,industry_vertical,subvertical,city,investors_name,investment_type,amount_usd,remarks,year,month
1,2020-01-09,BYJU’S,E-Tech,E-learning,Bengaluru,Tiger Global Management,Private Equity,200000000.0,,2020,1
2,2020-01-13,Shuttl,Transportation,App based shuttle service,Gurugram,Susquehanna Growth Equity,Series C,8048394.0,,2020,1
3,2020-01-09,Mamaearth,E-Commerce,Retailer of baby and toddler products,Bengaluru,Sequoia Capital India,Series B,18358860.0,,2020,1
4,2020-01-02,https://www.wealthbucket.in/,Finance,Online Investment,Delhi,Vinod Khatumal,Pre-Series A,3000000.0,,2020,1
5,2020-01-02,Fashor,Fashion and Apparel,Embroiled Clothes For Women,Mumbai,Sprout Venture Partners,Seed / Angel,1800000.0,,2020,1
6,2020-01-13,Pando,Logistics,"Open-market, freight management platform",Chennai,Chiratae Ventures,Series A,9000000.0,,2020,1
7,2020-01-10,Zomato,Hospitality,Online Food Delivery Platform,Gurugram,Ant Financial,Private Equity,150000000.0,,2020,1
8,2019-12-12,Ecozen,Technology,Agritech,Pune,Sathguru Catalyzer Advisors,Series A,6000000.0,,2019,12
9,2019-12-06,CarDekho,E-Commerce,Automobile,Gurugram,Ping An Global Voyager Fund,Series D,70000000.0,,2019,12
10,2019-12-03,Dhruva Space,Aerospace,Satellite Communication,Bengaluru,"Mumbai Angels, Ravikanth Reddy",Seed / Angel,50000000.0,,2019,12
11,2019-12-13,Rivigo,Technology,Logistics Services and Solutions,Gurugram,"SAIF Partners, Spring Canter Investment Ltd.",Series F,20000000.0,,2019,12
12,2019-12-17,Healthians,B2B-focused foodtech startup,Food Solutions For Corporate,Bengaluru,"Paytm, NPTK, Sabre Partners and Neoplux",Series C,12000000.0,,2019,12
13,2019-12-16,Licious,E-Commerce,Online Meat And Seafood Ordering Startup,Bengaluru,Vertex Growth Fund,Series E,30000000.0,,2019,12
14,2019-12-16,InCred,Finance,Non-Banking Financial Company,Mumbai,Undisclosed,Debt,5900000.0,,2019,12
15,2019-12-14,Trell,Video,Experience Discovery Platform,Bengaluru,Ruizheng Investment,Seed / Angel,2000000.0,,2019,12
16,2019-12-11,Rein Games,Gaming,Real money based gaming startup,Noida,Manipal Education and Medical Group (MEMG),Seed / Angel,50000000.0,,2019,12
17,2019-12-20,Lenskart.com,E-Commerce,Online Eyewear Shopping Portal,Faridabad,SoftBank Vision Fund,Series G,231000000.0,,2019,12
18,2019-11-13,Freshworks,Software,Business and customer engagement tools,San Francisco,"Sequoia, CapitalG, Accel",Series H,150000000.0,,2019,11
19,2019-11-14,Misters,Health and wellness,Men's Health and Wellness brand,Gurugram,"Sauce.vc, Rainforest Ventures",Series B,486000.0,,2019,11
20,2019-11-13,Sunstone Eduversity Pvt. Ltd,Education,Elearning,Gurugram,"Prime Venture Partners, LetsVenture, PS1 Venture and GlobalLogic co-founder Rajul Garg",Seed / Angel,1500000.0,,2019,11
22,2019-11-18,Healthians,Health and Wellness,Healthcare services,Gurugram,"DG Daiwa Ventures, DG Incubation",Series B,12000000.0,,2019,11
23,2019-11-15,Ninjacart,B2B Marketing,Agritech,Bengaluru,Trifecta Capital Advisors,Debt,26000000.0,,2019,11
24,2019-11-20,Aye Finance,Finance,Financial Services To MSMEs,Gurugram,FinTech,Debt,17411265.0,,2019,11
25,2019-11-12,SuperGaming,Video Games,Social gaming platform,Pune,Dream Incubator,Seed / Angel,1300000.0,,2019,11
26,2019-11-20,Clumio,SaaS,Recovery software,San Jose,"Altimeter Capital, Sutter Hill Ventures",Series C,135000000.0,,2019,11
27,2019-11-11,eBikeGo,Last Mile Transportation,Electric bike rental,Amritsar,Startup Buddy,Seed / Angel,300000.0,,2019,11
28,2019-11-19,Digital Mall Asia,E-Commerce,Virtual e-commerce platform,Delhi,Amour Infrastructure,Seed / Angel,220000000.0,,2019,11
29,2019-11-18,Medikabazaar,Healthcare,B2B platform for medical supplies,Mumbai,"Ackermans & van Haaren, HealthQuad, Rebright Partners, Toppan Printing",Series B,15800000.0,,2019,11
30,2019-11-15,Vogo Automotive,Last Mile Transportation,Scooter sharing app,Bengaluru,"Matrix Partners, Stellaris Venture Partners, Kalaari Capital",Series B,283000000.0,,2019,11
31,2019-11-19,Furtados School of Music,Education,Music Education,Tulangan,IAN Fund and DSG Consumer Partners,Undisclosed,200000000.0,,2019,11
32,2019-11-25,Paytm,Finance,Mobile Wallet,Noida,Vijay Shekhar Sharma,Other,1000000000.0,,2019,11
33,2019-10-04,Dunzo,Customer Service,Delivery Service,Bengaluru,Lightbox,Series D,45000000.0,,2019,10
34,2019-10-02,Udaan,B2B,Business development,Bengaluru,"Altimeter Capital, DST Global",Series D,585000000.0,,2019,10
36,2019-09-05,FPL Technologies,Finance,Financial Services,Pune,"Matrix Partners India, Sequoia India",Other,4500000.0,,2019,9
37,2019-09-04,Cashflo,Finance,Invoice discounting platform and SME lending marketplace,Mumbai,SAIF Partners,Series A,3300000.0,,2019,9
38,2019-09-04,Digital F5,"Advertising, Marketing",Digital marketing firm,Mumbai,TIW Private Equity,Private Equity,6000000.0,,2019,9
39,2019-09-04,3rdFlix,SaaS,Education Technology,Hyderabad,Exfinity Venture Partners,Pre-Series A,5000000.0,,2019,9
40,2019-09-04,75F,IoT,Building automation system,Burnsville,Breakthrough Energy Ventures,Series A,18000000.0,,2019,9
41,2019-09-04,Myelin Foundry,Information Technology,Deep-technology,Bengaluru,Endiya Partners,Seed / Angel,1000000.0,,2019,9
42,2019-09-04,Atomberg Technology,Consumer Technology,"Consumer Electronics, Home Appliances",Mumbai,A91 Partners,Series A,10000000.0,,2019,9
43,2019-09-04,GOQii,Health and Wellness,Wearable Fitness Bands,Menlo Park,Bennett Coleman and Company Ltd (BCCL),Series C,450000000.0,,2019,9
44,2019-09-03,Vyapar App,Accounting,Mobile-based Accounting Software,Bengaluru,"India Quotient, Axilor Ventures",Series A,5000000.0,,2019,9
45,2019-08-01,CarDekho,E-Commerce,Automotive,Gurugram,SC GG India Mobility Holdings LLC,Series C,20000000.0,,2019,8
46,2019-08-01,Progcap,Finance,Supply Chain Management,Delhi,Sequoia India,Series A,5000000.0,,2019,8
47,2019-08-01,MyPetrolPump,Retail,Fuel Delivery,Bengaluru,Undisclosed,Seed / Angel,1600000.0,,2019,8
48,2019-08-01,Alteria Capital,Finance,VC Funds,Mumbai,"Azim Premji, Binny Bansal",Other,140000000.0,,2019,8
49,2019-08-01,Pine Labs,Information Technology,Last-mile retail transaction technology,Noida,Pine Labs Pte Ltd,Other,38080000.0,,2019,8
50,2019-08-12,Meesho,E-Commerce,Social Commerce,Bengaluru,Naspers,Series D,125000000.0,,2019,8
51,2019-08-13,Cars24,E-Commerce,Car Retail,Gurugram,MS Dhoni,Series D,11000000.0,,2019,8
52,2019-08-13,Uniphore,Customer Service Platform,Conversational AI,Palo Alto,March Capital Partners,Series C,51000000.0,,2019,8
53,2019-08-23,Zendrive,Automotive,Road Safety Analytics,San Francisco,XL Innovate,Series B,37000000.0,,2019,8
54,2019-08-23,Lo! Foods,Consumer Goods,Low carb food for Diabetics,Bengaluru,"Rashmi Daga (founder, FreshMenu), Raveen Sastry (co-founder, Myntra) and Mitesh Shah (finance chief, BookMyShow)",Seed / Angel,500000.0,,2019,8
55,2019-08-23,Tala,Finance,Digital Lending Platform,Santa Monica,RPS Ventures,Series D,110000000.0,,2019,8
56,2019-08-22,INDwealth,Finance,Wealth Management,Gurugram,Tiger Global Management,Other,15000000.0,,2019,8
57,2019-08-21,HungerBox,Food and Beverage,B2B Foodtech,Bengaluru,One97 Communications Ltd.,Series C,6590000.0,,2019,8
58,2019-08-23,AdmitKard,Education,University Admissions,Noida,Growth DNA,Seed / Angel,1000000.0,,2019,8
60,2019-08-19,Grofers,E-Commerce,Grocery Delivery,Gurugram,Softbank Vision Fund,Series F,70000000.0,,2019,8
62,2019-07-02,RenewBuy,Finance,Auto Insurance,Gurugram,"Lok Capital, IIFL Wealth",Series B,19000000.0,,2019,7
63,2019-07-02,Atlan,Information Technology,Big Data,Singapore,WaterBridge Ventures,Pre-Series A,2500000.0,,2019,7
64,2019-07-01,WizCounsel,Compliance,Consulting,Delhi,Kapil Dev,Seed / Angel,145000.0,,2019,7
65,2019-07-03,Ola,Transport,Cabs,Bengaluru,"DIG Investment Ab, Deshe Holdings, Samih Toukan and Hussam Khoury",Series J,1000000.0,,2019,7
66,2019-07-01,Uniphore,Artificial Intelligence,Speech Recognition,Chennai,March Capital Partners,Series C,38080000.0,,2019,7
67,2019-07-04,Daalchini Technologies,Food and Beverage,Digital Vending Machine,Delhi,Artha Venture,Seed / Angel,500000.0,,2019,7
68,2019-07-10,"""BYJU\\'S""",Education,Education,Bengaluru,Qatar Investment Authority,Private Equity,150000000.0,,2019,7
69,2019-07-11,Moglix,E-Commerce,Industrial Tools and Equipments,Singapore,"Composite Capital Management, Sequoia Capital India, Tiger Global Management",Series D,60000000.0,,2019,7
70,2019-07-10,Ezyhaul,Tech,Logistics,Singapore,Undisclosed,Series B,16000000.0,,2019,7
71,2019-07-10,Indus OS,Tech,Smartphone Operating System,Mumbai,Ventureast,Series B,5750000.0,,2019,7
72,2019-07-10,HealthAssure,Health Care,Primary care medical network,Mumbai,Blume Ventures,Series A,2500000.0,,2019,7
73,2019-07-09,House of Msasaba,Luxury Label,Clothes and Apparel,Mumbai,Binny Bansal,Series A,1000000.0,,2019,7
74,2019-07-08,Board Infinity,Education,Full-stack career platform,Mumbai,Multiple Angel Investors,Seed / Angel,319605.0,,2019,7
75,2019-06-05,NoBroker,E-Commerce,Real Estate,Bengaluru,General Atlantic,Series C,51000000.0,,2019,6
76,2019-06-04,Bira91,Food and Beverage,Brewery,Delhi,Anicut Capital,Debt,10000000.0,,2019,6
77,2019-06-03,FabHotels,E-Commerce,Hospitality,Gurugram,"Goldman Sachs, Accel Partners and Qualcomm",Undisclosed,4889975.54,,2019,6
78,2019-06-03,Avail Finance,Finance,FinTech,Bengaluru,Matrix Partners,Series A,9000000.0,,2019,6
79,2019-06-04,BharatPe,Finance,FinTech,Delhi,Insight Partners,Series B,75000000.0,,2019,6
80,2019-06-04,Recykal,Waste Management Service,Optimization,Hyderabad,"Triton Investment Advisors, Pidilite Industries director Ajay Parekh",Pre-Series A,26000000.0,,2019,6
81,2019-06-03,Agara Labs,Deep-Tech,Artificial Intelligence,Bengaluru,Blume Ventures and RTP Global,Pre-Series A,2500000.0,,2019,6
82,2019-06-06,Sistema.bio,Agriculture,Hybrid Reactor Biodigestor,Nairobi,"Shell Foundation, DILA CAPITAL, Engie RDE Fund, EcoEnterprise Fund, EDFIMC (ElectriFI), Endeavor Catalyst Fund, CoCapital, Triodos, Alpha Mundi, and Lendahand",Undisclosed,2739034.68,,2019,6
83,2019-06-06,Chakr Innovation,Energy,Renewable Energy,Delhi,IAN Fund,Series A,26000000.0,,2019,6
84,2019-06-06,Pratilipi,Digital Media,E-Books,Bengaluru,Qiming Venture Partners,Series B,15109500.0,,2019,6
85,2019-06-10,Bolo App,Digital Media,Video Platform,Bengaluru,Nexus Venture Partners,Seed / Angel,430200.0,,2019,6
86,2019-06-10,OkCredit,Finance,Financial Services,Haryana,Tiger Global Management,Series A,15500000.0,,2019,6
87,2019-06-06,Biz2Credit,Finance,Online Lending Platform,New York,WestBridge Capital,Series B,52000000.0,,2019,6
88,2019-06-08,Vogo Automotive Pvt. Ltd.,Transportation,Dockless Scooter Rental Company,Karnataka,Alteria Capital,Debt,3584000.0,,2019,6
89,2019-06-04,Leegality,Services,Digital Documentation,Mumbai,Mumbai Angels,Series A,3400000.0,,2019,6
91,2019-05-06,Saahas Zero Waste,Waste Management Service,Optimization,Bengaluru,C4D Partners,Other,868600.0,,2019,5
93,2019-05-01,BlackBuck,Transport,Logistics,Bengaluru,"Goldman Sachs Investment Partners and Silicon Valley-based Accel, Wellington, Sequoia Capital, B Capital, LightStreet, Sands Capital and International Finance Corporation,",Series D,150000000.0,,2019,5
94,2019-05-02,Zenoti,Saas,Beauty and Wellness Industry,Hyderabad,Tiger Global Management,Series C,50000000.0,,2019,5
95,2019-05-28,Ather Energy,Automobile,Electric Vehicle,Bengaluru,Sachin Bansal,Series C,51000000.0,,2019,5
96,2019-05-28,FreshVnF,Agtech,Fresh Agriculture Produces,Mumbai,Equanimity Ventures,Seed / Angel,140000000.0,,2019,5
97,2019-05-30,GlowRoad,E-Commerce,Retail,Bengaluru,"Korea Investment Partners, Vertex Ventures",Series B,11500000.0,,2019,5
98,2019-05-31,Bira91,Food and Beverage,Brewery,Delhi,Sixth Sense Ventures,Series B,5600000.0,,2019,5
99,2019-04-16,Kuvera,Finance,Wealth Management,Bengaluru,Eight Roads,Series A,45000000.0,,2019,4
100,2019-04-12,Medlife,E-Commerce,Online Medicine,Bengaluru,Prasid Uno Family Trust,Private Equity,17000000.0,,2019,4
101,2019-04-10,Kabadiwala,E-Commerce,Waste Management,Bhopal,"Unilever, Beehive Capital Advisor, ABCOM Investments, Parekh Marine Transport,",Private Equity,430665.0,,2019,4
102,2019-04-13,Tripoto,Social Media,Travel,Delhi,"Orchid India, Hornbill Orchid India Fund, Chiratae Ventures (formerly IDG Ventures), 3one4 Capital, Lasmer NV",Series B,3591375.0,,2019,4
103,2019-04-12,Azah,Health and Wellness,Organic wellness,Gurugram,Unnamed angel investors,Seed / Angel,200000.0,,2019,4
104,2019-04-11,Setu,Finance,Banking,Bengaluru,Lightspeed India Partners,Seed / Angel,3500000.0,,2019,4
105,2019-04-10,Toppr,Education,E-learning,Mumbai,Milestone,Debt,6320820.0,,2019,4
106,2019-04-10,Craftsvilla,E-Commerce,Fashion and Apparel,Mumbai,Supera Pte Ltd,Other,2443495.0,,2019,4
107,2019-04-10,Unacademy,Education,E-learning,Bengaluru,Kalyan Krishnamurthy,Seed / Angel,307000.0,,2019,4
108,2019-04-11,CleverTap,SaaS,Mobile analytics and marketing,Mumbai,"Sequoia India, Tiger Global Management, Accel Partners",Series B,26000000.0,,2019,4
109,2019-04-19,My Healthcare,E-Commerce,Software Solutions,Bengaluru,Sixth Sense Ventures,Series A,3000000.0,,2019,4
110,2019-04-19,KrazyBee,E-Commerce,Lending Platform,Bengaluru,"BAC Acquisitions, Unifi AIF, BRD Securities, Northern R Capital",Debt,14342000.0,,2019,4
111,2019-04-17,Shuttl,Transportation,Bus Aggregation,Gurugram,New Atlantic Ventures,Other,5000000.0,,2019,4
112,2019-04-17,Increff,Technology,Supply-chain technology solutions,Bengaluru,"021 Capita, Binny Bansal",Series A,3000000.0,,2019,4
114,2019-02-08,Zilingo,E-Commerce,Fashion & Apparel,India,"Sequoia Capital and Temasek Holdings, EDBI, Burda Principal Investments, and Sofina",Series D,226000000.0,,2019,2
115,2019-02-13,NanoClean Global,Nanotechnology,Anti-Pollution,Delhi,"LetsVenture, PitchRight Venture, 91SpringBoard, AL Nour International Holdings and Mark V Investments",Series A,600000.0,,2019,2
116,2018-02-14,OyoRooms,Hospitality,Budget Rooms,Gurugram,DiDi Chuxing,Private Equity,100000000.0,,2018,2
117,2019-01-03,CarDekho,Automobile,Online Marketplace,Jaipur,"Sequoia India, Hillhouse Capital, Alphabets growth investment arm Capital G and Axis Bank",Series C,110000000.0,,2019,1
118,2019-01-04,Vyome Therapeutics Inc.,Health and Wellness,Specialty pharmaceutical,India,"Iron Pillar, Perceptive Advisors, Romulus Capital and Kalaari Capital",Series D,22000000.0,,2019,1
119,2019-01-04,Samunnati Financial Intermediation & Services Pvt. Ltd,Finance,Non-banking financial company,Chennai,"MASSIF, a Dutch government fund",Debt,5000000.0,,2019,1
120,2018-12-04,Manch,Social Media,Hyperlocal Content,Delhi,Stellaris Venture Partners,Seed / Angel,700000.0,,2018,12
121,2018-12-01,UrbanClap Technologies Pvt. Ltd,Services Platform,Home services marketplace,Delhi,Steadview Capital and Vy Capital.,Series D,50000000.0,,2018,12
122,2018-12-02,Guiddoo,Travel Tech,Platform for travel agents,Mumbai,Individual Investors,Pre-Series A,800000.0,,2018,12
123,2018-12-02,Career Anna,Online Education,"Video-based certification, trainings",Gurugram,Individual Investors,Pre-Series A,572000.0,,2018,12
124,2018-12-04,Nagpur Wholesale,Online Marketplace,eCommerce,Nagpur,Omphalos Ventures India LLP,Seed / Angel,143000.0,,2018,12
125,2018-12-06,ShopKirana,B2B,eCommerce,Indore,"Info Edge, AET Fund, Akatsuki and Incubate Fund from Japan and Better Capital AngelList syndicate.",Seed / Angel,2000000.0,,2018,12
126,2018-12-06,BuildSupply,"SaaS, Ecommerce","Real Estate, ERP",Gurugram,"Venture Highway, GREE Ventures, Space Matrix, Individual Investors",Series A,3500000.0,,2018,12
127,2018-11-01,GoDesi,Food and Beverage,Regional Flavours,Bengaluru,Lead Angels Network,Seed / Angel,138995.0,,2018,11
128,2018-11-03,Veritas Finance Ltd.,NBFC,MSME Finance,Chennai,"Norwest Venture Partners, CDC Group, the UKs Development Finance Institution and P Surendra Pai",Series D,27799000.0,,2018,11
129,2018-11-06,Meesho,E-Commerce,Social Commerce,Bengaluru,"Shunwei Capital, DST Partners and RPS Ventures",Series C,50000000.0,,2018,11
130,2018-11-08,Mobile Premier League,Gaming,Mobile e-Sports,Bengaluru,Undisclosed,Series A,500000.0,,2018,11
131,2018-11-08,A&R Bon Vivants,Food,Meat Retail Chain,Jaipur,"RB Investments, Singapore",Private Equity,1000000.0,,2018,11
132,2018-11-12,Blackbuck,Food Tech,POS For Online Ordering,New York,Tiger Global,Series A,1000000.0,,2018,11
133,2018-11-12,MilkBAsket,Food,Micro-delivery grocery service,Delhi,Mayfield Fund,Series B,1300000.0,,2018,11
134,2018-11-13,DriveU,Transport,On-Demand Drivers,Bengaluru,Stevens Creek Ventures,Other,1000000.0,,2018,11
135,2018-11-14,CleanseCar,Services,Car Wash,Bengaluru,Venture Catalysts,Seed / Angel,500000.0,,2018,11
136,2018-11-19,Automation Anywhere,Automation,Robotics,California,SoftBank Vision Fund,Series B,300000000.0,,2018,11
137,2018-11-20,HealthifyMe,Health and Wellness,Wellness Coach,Bengaluru,"Sistema Asia Fund, VC Samsung NEXT, Chiratae Ventures, Inventus Capital, Blume Ventures and Innoven Capital.",Series B,6000000.0,,2018,11
138,2018-11-21,Genius Corner,Education,Personalized Learning,Noida,Individual investors,Seed / Angel,278000.0,,2018,11
139,2018-11-22,Aavishkaar-Intellecap Group,Investment,SME Funding,Mumbai,Teachers Insurance and Annuity Association (TIAA),Private Equity,31000000.0,,2018,11
141,2018-11-23,Signzy,Financial Tech,Digital Onboarding Solution,Mumbai,"Stellaris Venture Partners and Kalaari Capital, Rajan Anandan from Google, Dilip Khandwelwal from SAP Labs India, and Amrish Rau from PayU India",Series A,3400000.0,,2018,11
142,2018-11-24,Engineer.ai,Software,AI Platform,India,"Lakestar and Jungle Ventures, Softbanks DeepCore.",Series A,29500000.0,,2018,11
143,2018-11-25,InCred Finance,Finance,SME Lending,India,"Paragon Partners, Individual Investors",Private Equity,42000000.0,,2018,11
144,2018-11-25,Roposo,Social Media,Video Sharing,Delhi,Bertelsmann India Investments,Series B,1700000.0,,2018,11
146,2018-10-02,Origo Commodities India Pvt. Ltd,Logistics,Supply Chain,Hyderabad,"Cooperative Oikocredit, Caspian and Hivos-Triodos Fund",Seed / Angel,11000000.0,,2018,10
147,2018-10-04,Grover Zampa,Food,Wine,Mumbai,Ravi Viswanathan,Private Equity,8200000.0,,2018,10
148,2018-10-05,Droom,Automobile,New and Used Cars Platform,Gurugram,ZigExN,Series E,3000000.0,,2018,10
149,2018-10-11,Innov8,Real Estate,Co-Working,Delhi,Credence Family Office,Pre-Series A,4000000.0,,2018,10
150,2018-10-12,Blackbuck,Logistics Tech,Largest Trucking Platform,Bengaluru,Sequoia Capital India,Private Equity,14680000.0,,2018,10
151,2018-10-12,LetsTransport,Logistics Tech,Book Trucks Online,Bengaluru,Fosun International,Series C,12000000.0,,2018,10
152,2018-09-01,Netmeds,Consumer Internet,Online Pharmacy Chain,Chennai,"Sistema Asia Fund, Sistema JSFC and Tanncam Investment",Private Equity,35000000.0,,2018,9
153,2018-09-03,Udaan,B2B Platform,Logistics and Shipping,Bengaluru,DST Global and Lightspeed Venture Partners global fund.,Private Equity,225000000.0,,2018,9
154,2018-09-03,Daily hunt,Consumer Internet,News and ebooks Mobile App,Bengaluru,Falcon Edge,Private Equity,6390000.0,,2018,9
155,2018-09-04,3HCare,Healthcare,Healthcare Service Provider,Delhi,Undisclosed,Seed / Angel,1000000.0,,2018,9
157,2018-09-05,Nykaa,Consumer Internet,Online Marketplace For Multi-brand Beauty Cosmetic and Wellness Products,Mumbai,Lighthouse,Private Equity,157200000.0,,2018,9
159,2018-09-06,Dream11,Consumer Internet,Online Gaming Platform,Mumbai,"Tencent, Kalaari Capital and Private equity firm Multiples Alternate Asset Management",Private Equity,100000000.0,,2018,9
160,2018-09-10,MamaEarth,Healthcare,Online Marketplace For Mother and Babycare Products,Gurugram,Stellaris Ventures & Others,Private Equity,4000000.0,,2018,9
161,2018-09-11,AutoGrid,Technology,AI-Based Energy Optimisation and Control Provider,Bengaluru,"CLP Holdings Group, Innogy, rstead, and Tenaska",Private Equity,32000000.0,,2018,9
162,2018-09-11,Pharmeasy,Consumer Internet,Online Marketplace For Pharmaceutical Products,Mumbai,InnoVen Capital,Debt,5500000.0,,2018,9
163,2018-09-11,Upwards,Finance,Online Micro Lending Marketplace,Mumbai,"Shunwei Capital,Quotient, Mayfield & Others",Private Equity,5000000.0,,2018,9
164,2018-09-12,Kissht,Finance,Online lending Platform,Mumbai,"Vertex Ventures Southeast Asia (SEA) and India and Sistema Asia Fund, Fosun RZ Capital, Ventureast, and Endiya Partners.",Private Equity,30000000.0,,2018,9
165,2018-08-01,dishq,Food-Tech,Personalisation Technology Firm Focusing On The Food And Beverage Industry,Bengaluru,"Farm To Fork, Arts Alliance, The Syndicate Fund, Sven Hensen, Zeroth and Artesian Venture Partners",Seed / Angel,400000.0,,2018,8
167,2018-08-02,Samosa Labs,Consumer Internet,Social Media and Chat Entertainment Platform,Hyderabad,Xiaomi and Sequoia Capital India,Private Equity,7000000.0,,2018,8
168,2018-08-03,ZiffyHomes,Consumer Internet,Online Home Rental Marketplace,Gurugram,Y Combinator,Private Equity,120000.0,,2018,8
169,2018-08-07,My OmNamo,Consumer Internet,Holy Platform Offering Customised Puja Packages To Individuals and Corporates,Mumbai,Undisclosed,Seed / Angel,1000000.0,,2018,8
170,2018-08-07,ShopX,Consumer Internet,Assisted E-commerce Platform,Bengaluru,Fung Strategic Holdings,Private Equity,35000000.0,,2018,8
171,2018-08-07,MakeMyTrip,Consumer Internet,Online Travel Aggregator,Gurugram,MakeMyTrip Limited,Private Equity,10000000.0,,2018,8
172,2018-08-08,Hansel io,Consumer Internet,Real-time Mobile App Management,Bengaluru,Vertex Ventures,Seed / Angel,4000000.0,,2018,8
173,2018-08-08,Metro Bikes,Consumer Internet,Online Bike Rental Marketplace,Bengaluru,"Sequoia Capital India Advisors, Accel Partners and G Raghunandan",Private Equity,12200000.0,,2018,8
174,2018-08-08,Phone Pe,Consumer Internet,UPI Payments App,Bengaluru,Flipkart,Private Equity,66000000.0,,2018,8
175,2018-08-09,quizizz,Education,e-learning Platform,Bengaluru,"Nexus Venture Partners, Prime Venture Partners and Others",Seed / Angel,3000000.0,,2018,8
176,2018-08-09,Happy EMI,Finance,Consumer Financing Platform,Bengaluru,AJ Ventures and Jain International Trade Organisation (JITO),Seed / Angel,1000000.0,,2018,8
177,2018-08-13,Inthree,Consumer Internet,Rural E-commerce Platform,Chennai,"Ventureast, Orios Venture Partners and the IAN Fund",Seed / Angel,4000000.0,,2018,8
178,2018-08-13,Observe AI,Technology,AI Based Solutions Platform,Bengaluru,"Nexus Venture Partners, MGV, Liquid 2 Ventures, Hack VC, Emergent Ventures and Y Combinator",Private Equity,8000000.0,,2018,8
179,2018-08-16,Enakshi,Consumer Internet,AI Based Solutions Platform,Ahmedabad,Undisclosed,Seed / Angel,114811.0,,2018,8
180,2018-08-17,EazyDiner,Consumer Internet,Online Restaurant Table Reservation Platform,Gurugram,Denlow Investment Trust and Beenext,Private Equity,5850000.0,,2018,8
181,2018-08-20,Finzy,Finance,Online Loan Matchmaking Platform,Bengaluru,Undisclosed,Seed / Angel,1000000.0,,2018,8
182,2018-08-20,RawPressery,Consumer Internet,Online Organic Juice Delivery Service,Mumbai,Alteria Capital,Debt,4800000.0,,2018,8
183,2018-08-22,Pi Ventures,Technology,Applied Artificial Intelligence and IoT focusedPlatform,Bengaluru,CDC Group plc,Private Equity,6000000.0,,2018,8
184,2018-08-22,Revv,Consumer Internet,Online Indian Car Rental Platform,Gurugram,"Hyundai, Edelweiss and Beenext, Dream Incubator, Sunjay Kapoor and Telama Investment",Private Equity,14270000.0,,2018,8
185,2018-08-26,ZestMoney,Consumer Internet,Online Lending Platform,Bengaluru,"Xiaomi,PayU, Ribbit Capital and Omidyar Network",Private Equity,13400000.0,,2018,8
186,2018-08-26,Shubh Loans,Finance,Customer Sourcing Platform,Bengaluru,"Saama Capital, SRI Capital, Beenext, and Pravega Ventures",Private Equity,4200000.0,,2018,8
187,2018-08-27,MyUpchar,Healthcare,Local Language Health Content App,Delhi,"Nexus Venture Partners, Omidyar Network and Shunwei Capital",Private Equity,5000000.0,,2018,8
188,2018-08-28,Narvar,IT,Post-Purchase Customer Engagement Platform,Bengaluru,Accel (formerly known as Accel Partners),Private Equity,3000000.0,,2018,8
189,2018-08-30,True North,Finance,Private Equity Firm,Mumbai,Undisclosed,Private Equity,600000000.0,,2018,8
191,2018-07-02,Biryani By Kilo,Consumer Internet,Online Food Delivery,Gurugram,Ajay Relan and Vinay Mittal,Seed / Angel,1000000.0,,2018,7
192,2018-07-04,Anchanto,IT,E-commerce Fulfilment Platform,Pune,MDI Ventures & Telkom Indonesia,Private Equity,4000000.0,,2018,7
193,2018-07-05,Loan Tap,Consumer Internet,Online Lending Platform For Salaried Professionals,Mumbai,"Shunwei Capital, Tuscan Ventures, Ashish Goenka, VC firms India Quotient and Kae Capital",Private Equity,6250000.0,,2018,7
194,2018-07-06,PolicyBazaar,Consumer Internet,Online Insurance Selling Platform,Gurugram,Info Edge (India) Ltd and Temasek,Private Equity,27700000.0,,2018,7
195,2018-07-09,zippserv,Consumer Internet,Online Platform For Risk-Assessment Services For Real Estate Investments,Bengaluru,Info Edge (India) Ltd,Seed / Angel,440000.0,,2018,7
196,2018-07-09,Groww,Consumer Internet,Online Platform That Sells Direct Plans Of Mutual Funds,Bengaluru,"Insignia Ventures Partners, Lightbridge Partners & Kairos",Seed / Angel,1100000.0,,2018,7
197,2018-07-10,Avenue Growth,Consumer Internet,Online Platform That Connects Brands With Freelance Sales Professionals,Gurugram,"Avtar Monga, chief operating office at IDFC Bank, Aditya Malik & Others",Seed / Angel,437000.0,,2018,7
199,2018-07-10,Kinara Capital,Finance,Lending Platform For Micro and Small Enterprises,Bengaluru,ResponsAbility,Private Equity,5000000.0,,2018,7
200,2018-07-10,Shop 101,Consumer Internet,Mobile Storefront And Commerce Platform For Sellers,Mumbai,"Stellaris Venture Partners, Vy Capital, Raghunandan G, and Ramakant Sharma",Private Equity,5000000.0,,2018,7
201,2018-07-11,Sambandh,Consumer Internet,Online Micro Lending Platform,Rourkela,Base of Pyramid Asia (BOPA) Pte Ltd,Private Equity,2500000.0,,2018,7
202,2018-07-12,19th mile,IT,Artificial intelligence-based sales acceleration software platform,Gurugram,"Rishi Vasudev, Excelsior Investments, Ritesh Vohra, Praveer Kumar, Prashant Gupta and Others",Seed / Angel,180000.0,,2018,7
203,2018-07-12,5th Vital,Healthcare,Home diagnostics services provider,Bengaluru,Brand Capital and Others,Seed / Angel,500000.0,,2018,7
204,2018-07-13,MEngage,Healthcare,A Doctor-Patient Engagement Platform,Jaipur,"Siddharth Agarwal, Mahavir Sharma, Amit Singal, 100 Co-founders Lab and others.",Seed / Angel,175000.0,,2018,7
205,2018-07-17,Ofbusiness,Finance,Online Lending Platform For SME,Gurugram,"Creation Investments, Falcon Edge, Matrix Partners India and Zodius Capital",Private Equity,29000000.0,,2018,7
206,2018-07-17,Cars24,Consumer Internet,Online Used Car Marketplace,Gurugram,"Kingsway FCI Fund, KCK Global & Others",Private Equity,49700000.0,,2018,7
207,2018-07-18,The Ken,Consumer Internet,Subscription-Only News Website,Bengaluru,Omidyar Network & Others,Seed / Angel,1500000.0,,2018,7
208,2018-07-19,Book My Show,Consumer Internet,Online Ticketing Platform,Mumbai,"TPG Growth, The Rise Fund & Others",Private Equity,100000000.0,,2018,7
209,2018-07-20,HousingMan,Consumer Internet,Property Discovery Platform,Bengaluru,Undisclosed,Seed / Angel,1500000.0,,2018,7
210,2018-07-21,PaySense,Consumer Internet,Online Consumer Lending Platform,Mumbai,PayU & Others,Private Equity,18000000.0,,2018,7
212,2018-07-23,VTION,Technology,Media Analytics,Gurugram,"AngelList, Rahul Khanna, Rajeev Arora and Ram Ramsundar.",Seed / Angel,280000.0,,2018,7
213,2018-07-23,Log9 Materials,Technology,Nanotechnology Company Specializing In Graphene,Bengaluru,"Metaform Ventures, Hemant Luthra, Micro venture capital firm GEMS Partners and Others",Seed / Angel,436000.0,,2018,7
214,2018-07-24,kidovators,Education,Skill Learning Platform,Bengaluru,Gray Matters,Seed / Angel,180000.0,,2018,7
215,2018-07-24,Digit,Consumer Internet,Online Insurance Startup,Pune,Fairfax,Private Equity,45000000.0,,2018,7
216,2018-07-25,Black Soil,Finance,Non-Banking Financial Company,Mumbai,"Allcargo Logistics, Navneet Education and Mahavir Agency",Private Equity,17000000.0,,2018,7
217,2018-07-25,Trell,Consumer Internet,Mobile-First Video Blogging App,Bengaluru,"BeeNext , WEH Ventures and Sprout Ventures",Seed / Angel,1250000.0,,2018,7
218,2018-07-25,iqlect,Technology,Data Analytics Firm,Bengaluru,Ventureast and Exfinity,Seed / Angel,2500000.0,,2018,7
219,2018-07-26,Entropik,IT,Software-As-A-Service Platform,Bengaluru,"Bharat Innovation, IDFC-Parampara Capital, Arthavida Ventures, Jitendra Gupta & Others",Seed / Angel,1100000.0,,2018,7
221,2018-07-26,TheCapitalNet,Finance,Unified Global Investments Ecosystem,Hyderabad,Lindwall Family Investments LLC (LFI),Private Equity,500000.0,,2018,7
222,2018-07-30,Shuttl,Consumer Internet,Bus Aggregation Platform,Gurugram,Amazon Alexa Fund & Dentsu Ventures,Private Equity,11000000.0,,2018,7
223,2018-07-30,Cure Fit,Consumer Internet,Health and fitness Platform,Bengaluru,"IDG Ventures, Accel Partners, Kalaari Capital and Others",Private Equity,120000000.0,,2018,7
224,2018-07-31,Five Star Group,Finance,Non-Bank Lending Platform For SME,Chennai,"TPG, Norwest Venture Partners, Sequoia Capital & Matrix Partners",Private Equity,100000000.0,,2018,7
225,2018-07-31,Healthsignz,Healthcare,Health and Well being Platform,Hyderabad,Kantilal Patel,Seed / Angel,5000000.0,,2018,7
226,2018-06-01,CoinTribe,Finance,Credit-Based Lending Marketplace For Small And Medium Enterprises,Gurugram,"Sabre Partners, Puneet Dalmia & Others",Private Equity,10000000.0,,2018,6
227,2018-06-04,Digiconectt,Technology,Sales Analytics and Enablement Platform,Bengaluru,Aspire Logistics LLC,Seed / Angel,125000.0,,2018,6
231,2018-06-07,Annapurna Finance,Finance,Non-Banking Financial Company,Bhubaneswar,Oman India Joint Investment Fund (OIJIF),Private Equity,23000000.0,,2018,6
232,2018-06-07,Meesho,Consumer Internet,Online Marketplace For Resellers,Bengaluru,"Sequoia Capital India, SAIF Partners, Y Combinator and Venture Highway",Private Equity,11500000.0,,2018,6
233,2018-06-10,AyeFinance,Finance,Online Lending Platform,Gurugram,"CapitalG, SAIF Partners and LGT Impact Ventures",Private Equity,21500000.0,,2018,6
235,2018-06-12,Alpha Capital,Finance,Supplychain Finance,Mumbai,Alpha Capital,Private Equity,14800000.0,,2018,6
236,2018-06-12,eshakti,E-Commerce,Fashion e-tailer,Chennai,Paragon Partners,Private Equity,10100000.0,,2018,6
237,2018-06-12,Daily Ninja,Consumer Internet,Hyperlocal Delivery Platform,Bengaluru,Saama Capital and Sequoia Capital,Seed / Angel,3000000.0,,2018,6
238,2018-06-13,NirogStreet,Healthcare,An Online Platform That Connects Ayurveda Doctors With Patients,Gurugram,"Spiral Ventures, Subho Ray and Samir Kumar",Seed / Angel,300000.0,,2018,6
239,2018-06-13,Nivesh,Finance,Mass Market Mutual Fund Investment Platform,Noida,"LetsVenture, Rajan Anandan, Basab Pradhan, Vivek Khare and Bijoy George",Seed / Angel,450000.0,,2018,6
241,2018-06-14,HomeLane,Consumer Internet,Online Home Furnishing Solutions,Bengaluru,Brand Capital,Seed / Angel,3450000.0,,2018,6
242,2018-06-14,Network Intelligence,Technology,Cybersecurity Specialist,Mumbai,Helix Investments,Private Equity,4800000.0,,2018,6
243,2018-06-18,Tynor Othontics,Healthcare,Prosthetics Manufacturers,Chandigarh,Lighthouse Funds & Thuasne Participations,Private Equity,21000000.0,,2018,6
244,2018-06-18,Elucidata,IT,Data Analytics (SaaS),Delhi,Hyperplane Venture Capital and several angel investors,Seed / Angel,1700000.0,,2018,6
246,2018-06-19,RentSher,Consumer Internet,Online Rental Marketplace,Bengaluru,"Shorooq Investments, LetsVenture & Others",Seed / Angel,1100000.0,,2018,6
247,2018-06-20,Drip capital,Finance,Trade Finance Firm,Mumbai,"Accel Partners, Sequoia India, Y Combinator and others.",Private Equity,15000000.0,,2018,6
248,2018-06-22,WickedRide,Consumer Internet,Online Motorbike And Scooter Rental Platforms,Bengaluru,"Sequoia Capital, Accel Partners & Raghunandan Gangappa",Private Equity,9100000.0,,2018,6
249,2018-06-25,PolicyBazaar,Consumer Internet,Online Insurance Selling Platform,Gurugram,SoftBank Vision Fund & Info Edge (India) Ltd,Private Equity,200000000.0,,2018,6
250,2018-06-25,HipBar,Consumer Internet,Digital Payment Platform For Beverage Delivery,Bengaluru,Diageo India,Private Equity,4000000.0,,2018,6
251,2018-06-25,Sqqrl,Finance,App-based investment platform,Gurugram,Equanimity Venture Fund,Seed / Angel,1000000.0,,2018,6
252,2018-06-26,Paytm,Technology,Digital Payment Platform,Noida,One 97 Communications,Private Equity,8950000.0,,2018,6
253,2018-06-26,Sigtuple,Healthcare,Data Driven Intelligence Solutions Platform,Bengaluru,"Accel Partners, IDG Venture, Endiya Partners, pi Ventures, VH Capital, Axilor Ventures and Binny Bansal",Private Equity,19000000.0,,2018,6
254,2018-06-27,Wow Express,Technology,E-commerce Logistics Platform,Mumbai,Undisclosed Existing Investors As Well As The Tamarind Family Trust,Private Equity,4500000.0,,2018,6
255,2018-06-28,Front Desk AI,Technology,An AI Platform Offering Automated Customer Service Software,Bengaluru,Speciale Invest & Others,Seed / Angel,1100000.0,,2018,6
256,2018-06-28,Edureka,Education,Online Education Platform,Bengaluru,Leo Capital,Seed / Angel,2000000.0,,2018,6
258,2018-05-02,OpenTap,Finance,Online Lending Platform,Chennai,Unknown High Net-Worth Individuals,Seed / Angel,450000.0,,2018,5
259,2018-05-02,Bizongo,Consumer Internet,Aggregator For Packaging Material,Mumbai,"B Capital, International Finance Corporation (IFC), Accel Partners and IDG Ventures",Private Equity,22000000.0,,2018,5
260,2018-05-03,Disprz,IT,SaaS,Chennai,"IL&FS Private Equity, Kae Capital & Others",Seed / Angel,2500000.0,,2018,5
261,2018-05-07,PaisaDukan,Consumer Internet,P2P Lending Platform,Mumbai,Undisclosed,Seed / Angel,225000.0,,2018,5
262,2018-05-09,i3sysytems,Technology,AI product company For Health and Life Insurane Companies,Mumbai,"Unitus Ventures, Behram Vakil and Jerxis Vandrevala",Seed / Angel,1000000.0,,2018,5
263,2018-05-11,Earth Food,Consumer Internet,Agri-tech,Pune,Rairah Corporation,Seed / Angel,949000.0,,2018,5
264,2018-05-14,Nykaa,Consumer Internet,Beauty e-tailer,Mumbai,"Sunil Munjal, Harsh Mariwala, Dalip Pathak and Others",Private Equity,24000000.0,,2018,5
265,2018-05-16,mfine,Healthcare,Doctor-Consultation App,Bengaluru,"Prime Venture Partners, Stellaris Venture Partners and Mayur Abhaya Srisrimal",Private Equity,4200000.0,,2018,5
266,2018-05-21,Rocketium,Technology,Online Video Creation Platform,Bengaluru,Blume ventures,Seed / Angel,300000.0,,2018,5
267,2018-05-21,MilkBasket,Technology,Micro-Delivery Grocery Startup,Gurugram,"Kalaari Capital, Unilever Ventures and Blume Ventures",Private Equity,7000000.0,,2018,5
268,2018-05-22,Vola,Finance,Micro Lending Platform,Bengaluru,Credika and unnamed angel investors,Seed / Angel,500000.0,,2018,5
269,2018-05-22,Cashkumar,Consumer Internet,P2P Lending Platform,Bengaluru,LetsVenture,Seed / Angel,735000.0,,2018,5
270,2018-05-23,Edyoo,E-Commerce,Products For Shoolgoing Children,Bengaluru,RS Shanbag,Seed / Angel,735000.0,,2018,5
271,2018-05-23,Aashiyaan,Finance,Housing Finance For Low-Income Families,Kolkata,"Insistor, Oikocredit",Seed / Angel,2000000.0,,2018,5
272,2018-05-24,Smartivity,Education,Designer Of Toys and Learning Projects For Kids,Delhi,"Ashish Kacholi, S Chand Group",Seed / Angel,2000000.0,,2018,5
273,2018-05-24,Bonphulapl,Clean-tech,Oxygen Optimiser Manufacturer,Delhi,Atul Gupta and Saurabh Rastogi,Seed / Angel,293000.0,,2018,5
274,2018-05-27,Acko,Consumer Internet,Online Insurance Platform,Mumbai,"Amazon, Ashish Dhawan, Catamaran Ventures, NR Narayana Murthy.",Seed / Angel,12000000.0,,2018,5
275,2018-05-28,HWell24,Healthcare,Home Healthcare Aggregator,Mumbai,"Prashant Mehta, Mitali Pawar, Nikhil G and Bhavesh P, R Ranganathan, ONCOTRUST and Medintel Services Pvt. Ltd",Seed / Angel,200000.0,,2018,5
276,2018-05-29,Toffee,Consumer Internet,Online Insurance Platform,Gurugram,"Kalaari Capital, Omidyar Network and Accion Venture Labs",Seed / Angel,1500000.0,,2018,5
277,2018-05-29,Tonetag,Technology,Mobile Payments Technology Platform,Bengaluru,Amazon Inc. and Mastercard,Private Equity,8000000.0,,2018,5
279,2018-05-30,Stellaps,Technology,Iot Application Platform In Agriculture,Bengaluru,"IndusAge Partners, Bill & Melinda Gates Foundation, Qualcomm Venture, ABB Technology Ventures, Omnivore, Blume Ventures, Venture Highway and BEENEXT",Private Equity,14000000.0,,2018,5
280,2018-05-31,Credright,Consumer Internet,Lending Platform For SMEs,Hyderabad,"Accion Venture Lab, YourNest Venture Capital And Other Angel Investors",Seed / Angel,1300000.0,,2018,5
281,2018-04-02,Fitternity,Consumer Internet,Online Fitness Discovey Platform,Mumbai,"Exfinity Venture, Saha fund Partners, Arihant Patni of Patni Family Office, Anjali Bansal, Shardul Amarchand Mangaldas, Satish Khanna and Taparia family office.",Private Equity,2000000.0,,2018,4
282,2018-04-02,Synctag,Technology,Social Media Anlaytics Platform,Coimbatore,Subhkam Ventures and Mohit Khadaria,Seed / Angel,307600.0,,2018,4
284,2018-04-02,Finzy,Consumer Internet,Online Loan Matchmaking Platform,Bengaluru,Undisclosed,Seed / Angel,1300000.0,,2018,4
285,2018-04-04,Varthana,Finance,Loans and Services To Affordable Private Schools in India,Bengaluru,"ChrysCapital, Existing investors, Elevar Equity, LGT Impact, Omidyar Network and Kaizen Private Equity also participated in the round",Private Equity,55000000.0,,2018,4
286,2018-04-05,IndigoLearn,Education,Online Education Platform,Hyderabad,"Maheshwar Peri, founder and chairman of career information portal Careers360, and Jamshed Jeejeebhoy, director at Byramjee Jeejeebhoy Pvt. Ltd were among the angels",Seed / Angel,150000.0,,2018,4
287,2018-04-05,Vedantu,Education,Interactive Online Tutoring Platform,Bengaluru,"Accel Partners, Tiger Global And Others",Private Equity,10000000.0,,2018,4
288,2018-04-09,Kaleidofin,Fiinance,Digital Financial Services Platform,Chennai,Omidyar Network. Blume Ventures and Professor Shlomo Ben-Haim,Seed / Angel,2800000.0,,2018,4
289,2018-04-09,Pipabella,Consumer Internet,Fashion Accessories Etailer,Mumbai,Fireside Ventures,Seed / Angel,1000000.0,,2018,4
291,2018-04-09,Kriger Campus,Education,Mobile-Based Education Network,Delhi,Undisclosed,Seed / Angel,46140.0,,2018,4
293,2018-04-10,TravelTriangle,Consumer Internet,Online Travel Marketplace,Gurugram,"Fundamentum, SAIF Partners, Bessemer Venture Partners, RB investments & Others",Private Equity,12000000.0,,2018,4
294,2018-04-12,Letsmd,Healthcare,Platform To Discover Healthcare Financing Options,Delhi,"SRI Capital, Waterbridge Ventures and ThinKuvate",Seed / Angel,1000000.0,,2018,4
295,2018-04-12,AyeFinance,Finance,Online Lending Platform,Gurugram,"BlueOrchard Finance Ltd, Hinduja Leyland Finance and IntelleGrow",Debt,4600000.0,,2018,4
296,2018-04-13,mintifi,Finance,Online Lending Platform,Mumbai,Lok Capital,Seed / Angel,2000000.0,,2018,4
297,2018-04-16,icanstay,Consumer Internet,Online Platform For Luxury Hotel Stay For Business Travelers,Delhi,Mr. Manoj Prasad,Seed / Angel,500000.0,,2018,4
299,2018-04-18,Coverfox,Consumer Internet,Online Insurance Aggregator,Mumbai,"International Finance Corporation, Transamerica and others.",Private Equity,22000000.0,,2018,4
302,2018-04-19,Fyle Technologies,Technology,AI Based Expense Management Platform,Bengaluru,Pravega Ventures and Beenext,Seed / Angel,1100000.0,,2018,4
303,2018-04-19,True Balance,Technology,Mobile Balance Checking App,Gurugram,"Line Ventures Corporation, Line Corp, Naver, Shinhan Bank and TS Investment",Private Equity,23000000.0,,2018,4
305,2018-04-22,Doxper,Healthcare,Digitized Health-Tech Solutions For Practitioners,Mumbai,Vidal Healthcare,Seed / Angel,1900000.0,,2018,4
306,2018-04-22,Nykaa,Consumer Internet,Beauty e-tailer,Mumbai,"Sunil Munjal, Harsh Mariwala, Dalip Pathak and Others",Private Equity,11000000.0,,2018,4
307,2018-04-23,Mihuru,Finance,Online Platform Providing Micro Loans For Air Travel,Mumbai,Undisclosed,Seed / Angel,150000.0,,2018,4
308,2018-04-23,Capital Float,Finance,Online Lending Platform,Bengaluru,Amazon,Private Equity,22000000.0,,2018,4
309,2018-04-25,Trip shelf,Consumer Internet,Online Travel Marketplace,Delhi,"GEMS Advisory, Alok Mittal and Sachin Bhatia",Seed / Angel,246000.0,,2018,4
310,2018-04-26,POPxo,Technology,Women Focussed Digital Media Platform,Delhi,"Neoplux, OPPO, IDG Ventures India, Kalaari Capital, GREE Ventures and Summit Media",Private Equity,5500000.0,,2018,4
312,2018-04-27,1mg,Consumer Internet,Online Pharmacy Store,Gurugram,"Sequoia Capital, Maverick Capital Ltd and HBM Healthcare Investments Ltd",Private Equity,10000000.0,,2018,4
314,2018-04-30,Samco,Consumer Internet,Online Stock Broker,Mumbai,Bay Capital Investments and Others,Private Equity,7500000.0,,2018,4
315,2018-04-30,MyLoanCare,Finance,B2C Online Loans Marketplace,Gurugram,SAR Group,Seed / Angel,978000.0,,2018,4
317,2018-03-01,Buddy4studdy,Consumer Internet,Online Scholarship Portal,Noida,CBA Capital and others,Private Equity,3000000.0,,2018,3
318,2018-03-01,Urban Ladder,E-Commerce,Online Furniture Store,Bengaluru,"Sequoia Capital, SAIF Partners and Kalaari capital",Private Equity,12000000.0,,2018,3
319,2018-03-03,Kuvera,Consumer Internet,Online Financial Planning,Bengaluru,"Baskar Subramanian, Saket Kumar, Gaurav Suri and Ankit Kesarwani",Seed / Angel,250000.0,,2018,3
320,2018-03-04,Gramophone,Technology,Agri-tech,Indore,InfoEdge,Seed / Angel,1000000.0,,2018,3
321,2018-03-05,Wellthy,Healthcare,Therapeutics,Mumbai,"Ranjan Pai, Apoorva Patni, Beenext Ventures,GrowX Ventures",Private Equity,2100000.0,,2018,3
322,2018-03-05,MedGenome,Healthcare,"Genetic Screening, DNA Diagnostics Labs & Research Centers",Bengaluru,"HDFC Life, HDFC Asset Management",Private Equity,10000000.0,,2018,3
323,2018-03-05,Finova Capital,Consumer Internet,Online Lending,Jaipur,Sequoia Capital,Private Equity,6000000.0,,2018,3
324,2018-03-05,Hotelogix,Technology,Cloud based Online Hotel Management Software,Noida,"Vertex Ventures, Accel Partners and Saama Capital",Private Equity,5000000.0,,2018,3
325,2018-03-04,Livehealth,Consumer Internet,Health Service Aggregator Platform,Pune,Nexus Venture Partners,Seed / Angel,1100000.0,,2018,3
326,2018-03-06,Ad2pro,Technology,"Creative Design, Brand, Media and Technology Platform Solutions",Chennai,Avendus Finance Pvt. Ltd,Debt,9700000.0,,2018,3
327,2018-03-06,Coverfox,Consumer Internet,Online Insurance Aggregator,Mumbai,Aegon NV,Private Equity,7600000.0,,2018,3
328,2018-03-08,Pepperfry,Consumer Internet,Online Furniture Shopping Store,Mumbai,State Street Global Advisors,Private Equity,38400000.0,,2018,3
329,2018-03-08,Magicpin,Consumer Internet,Hyperlocal Discovery,Gurugram,Trifecta Capital,Debt,1000000.0,,2018,3
330,2018-03-12,HealthCare,Consumer Internet,Healthcare Aggregator,Mumbai,HR Fund,Seed / Angel,1000000.0,,2018,3
331,2018-03-13,PineLabs,Technology,Digital Payment Platform,Mumbai,"Actis, Altimeter Capital",Private Equity,82000000.0,,2018,3
333,2018-03-14,AvailFinance,Consumer Internet,Online Lending Platform,Bengaluru,"Matrix Partners, Bhavish Aggarwal, Ankit Bhati, Binny Bansal, Kunal Shah and Manish Patel.",Private Equity,17200000.0,,2018,3
334,2018-03-15,Grofers,Consumer Internet,Online Grocery Shop,Gurugram,"SoftBank, Tiger Global and Apoletto Managers.",Private Equity,62000000.0,,2018,3
335,2018-03-19,Fingerlix,Consumer Internet,Ready To cook Food Solution,Mumbai,Alteria Capital,Debt,1310000.0,,2018,3
336,2018-03-19,Karma Healthcare,Healthcare,Technology enabled equitable healthcare for India,Udaipur,"1Crowd, Ankur Capital",Seed / Angel,500000.0,,2018,3
337,2018-03-19,Zappfresh,Food & Beverages,Online Raw Meat E-tailer,Gurugram,"Amit Burman, SIDBI Venture Capital",Seed / Angel,3000000.0,,2018,3
338,2018-03-19,CustomerSucessBox,Technology,Customer Success Software for B2B SaaS,Gurugram,"Pi Ventures, Axilor Ventures",Seed / Angel,1000000.0,,2018,3
341,2018-03-22,Chargebee,Technology,Subscription Billing & Recurring Payments Software,Chennai,"Insight Venture Partners, Accel Partners and Tiger Global Management.",Private Equity,18000000.0,,2018,3
342,2018-03-22,i2i Funding,Consumer Internet,Online loan platform,Noida,SucSEED Venture Partners,Seed / Angel,768000.0,,2018,3
343,2018-03-22,Slang Labs,Technology,Voice-based assistant platform,Bengaluru,Endiya Partners,Seed / Angel,1240000.0,,2018,3
345,2018-03-26,Cash Suvidha,Consumer Internet,Online loan platform,Delhi,"Initia Holdings,Vipin Agarwal and others.",Seed / Angel,1000000.0,,2018,3
346,2018-03-28,Roadcast,Technology,Fleet management and asset monitoring platform,Delhi,Undisclosed,Private Equity,250000.0,,2018,3
347,2018-03-28,Smartcoin,Finance,Micro lending company,Bengaluru,"Accion Venture Lab, Unicorn India Ventures and ISME ACE.",Seed / Angel,2000000.0,,2018,3
348,2018-03-27,The Print,Media,News portal,Delhi,Ratan Tata,Seed / Angel,535000.0,,2018,3
349,2018-03-27,DriveU,Technology,Professional Car Drivers Hiring App,Bengaluru,Amit Singhal and Unitus Seed Fund,Private Equity,3000000.0,,2018,3
351,2018-02-01,BigBasket,Consumer Internet,Online Grocery & Food Store,Bengaluru,"Alibaba, Helion Venture Partners, Bessemer Venture Partners, Ascent Capital",Private Equity,300000000.0,,2018,2
352,2018-02-01,Zomato,Food and Beverages,Food Ordering and Restaurant Discovery,Gurugram,Ant Financials,Private Equity,200000000.0,,2018,2
353,2018-02-05,Pratilipi,Publishing,E-Publishing,Bengaluru,Omidyar Network,Private Equity,4300000.0,,2018,2
354,2018-02-05,Asia Institute Of Medical Science,Healthcare,Super-specialty Hospital,Faridabad,CDC Group Plc,Private Equity,21000000.0,,2018,2
355,2018-02-05,CollegeDekho,Consumer Internet,Online platform for Higher Education Services,Gurugram,"Man Capital LLP, Girnar Software, Others",Private Equity,2000000.0,,2018,2
357,2018-02-06,Healthi,Healthcare,Preventive Health Checkup,Bengaluru,Montane Ventures,Private Equity,3100000.0,,2018,2
358,2018-02-07,Swiggy,Food and Beverages,Online Food Delivery,Bengaluru,Naspers,Private Equity,100000000.0,,2018,2
359,2018-02-08,Shape,Healthcare,"Online Portal for Diet,fitness and Beauty",Pune,Sandeep Mathur,Seed / Angel,100000000.0,,2018,2
360,2018-02-08,Icertis,Consumer Internet,Enterprise Contract Management Platform,Pune,Meritech Capital Partners,Private Equity,50000000.0,,2018,2
361,2018-02-09,healthifyme,Healthcare,Mobile Weight Loss Coach,Bengaluru,Sistema Asia Fund,Private Equity,12000000.0,,2018,2
363,2018-02-09,Rupeek,Consumer Internet,Online Gold Loan,Bengaluru,"Accel Partners, Sequoia Capital",Private Equity,6830000.0,,2018,2
365,2018-02-12,Lendingkart,Finance,Online Lending Platform,Bengaluru,Fullerton Financial Holdings Pte Ltd & Others,Private Equity,87000000.0,,2018,2
367,2018-02-12,Cashify,E-Commerce,Online Selling,Gurugram,Trifecta Capital,Debt,935089.0,,2018,2
368,2018-02-13,holachef,Food and Beverages,Online Food Delivery,Mumbai,Ashok Kumar Gajera,Seed / Angel,311200.0,,2018,2
370,2018-02-13,IMAX Program,Education,Individualised Progressive Learning Program,Bengaluru,"Michael & Susan Dell Foundation, LGT Impact Ventures",Private Equity,13500000.0,,2018,2
371,2018-02-14,Littlemore,Education,Online Education Platform,Chennai,Kalpavriksh,Private Equity,3000000.0,,2018,2
372,2018-02-14,Toppr,Education,Online Education Platform,Mumbai,Axis Capital Partners,Private Equity,100000.0,,2018,2
373,2018-02-14,Shirsa Labs,Education,Integrated Kids Engagement Company,Mumbai,"Dewang Neralla, Mahesh Kothurkar,Atul Agarwal",Private Equity,500000.0,,2018,2
374,2018-02-14,MoneyOnMobile,Technology,mobile payment platform,Mumbai,S7 Group,Private Equity,5000000.0,,2018,2
375,2018-02-15,PetSutra,Consumer Internet,Online Pet Care Products,Gurugram,Michael Patrick Hickey,Seed / Angel,148434.0,,2018,2
376,2018-02-15,Infibeam,E-Commerce,Online Retailing,Ahmedabad,Network 18,Private Equity,6230000.0,,2018,2
377,2018-02-16,happay,Finance,Expense Management,Bengaluru,Sequoia and Jerry Yang,Seed / Angel,250000.0,,2018,2
378,2018-02-16,Fincash,Finance,Fin-Tech,Mumbai,"Mohammed Khan, Sameer Narayan & Others",Seed / Angel,150000.0,,2018,2
379,2018-02-19,AyeFinance,Finance,Online Lending,Gurugram,"Hinduja Leyland Finance, IntelleGrow",Private Equity,3800000.0,,2018,2
380,2018-02-20,Agricxlab,Agriculture,Agri-tech,Mumbai,Ankur Capital,Seed / Angel,500000.0,,2018,2
381,2018-02-21,Udaan,E-Commerce,B2B Marketplace,Bengaluru,Lightspeed & Yuri Milner,Private Equity,50000000.0,,2018,2
382,2018-02-21,Capillary,IT,SaaS,Bengaluru,"Wargburg Pincus, Sequoia",Private Equity,20000000.0,,2018,2
383,2018-02-21,The Healthy Billions,Healthcare,Analytics,Gurugram,"Blume Ventures, HealthQuad and Fireside Ventures",Private Equity,2100000.0,,2018,2
385,2018-02-26,Avishkaar Box,Education,Education,Delhi,Auxano Deals,Private Equity,772500.0,,2018,2
386,2018-02-26,Planys Technologies,Technology,Robotic InspectionStartup,Chennai,"Kris Gopalakrishnan, Pratithi Investment Trust, MEMG Family Office, S Gopal",Private Equity,1040000.0,,2018,2
388,2018-02-27,Trilyo,Technology,AI platform for hospitality industry,Mumbai,"Startup Buddy,Amit Manocha and others",Seed / Angel,250000.0,,2018,2
389,2018-02-28,Gaana,Technology,Online Music Streaming,Gurugram,"Tencent Holdings Ltd, Times Internet",Private Equity,115000000.0,,2018,2
390,2018-02-28,Credy,IT,SaaS,Bengaluru,"Y Combinator, Khosla Ventures, Vy Capital and others",Seed / Angel,1400000.0,,2018,2
393,2018-01-04,EarlySalary,Finance,Online Lending,Pune,Eight Roads Ventures India,Private Equity,15700000.0,,2018,1
396,2018-01-09,Lendingkart,Finance,Online Lending,Ahmedabad,Nederlandse Financierings-Maatschappij voor Ontwikkelingslanden N.V.,Debt,4700000.0,,2018,1
397,2018-01-09,Kinsane Entertainment Inc,Entertainment,Digital Entertainment for Children,Mumbai,Undisclosed,Seed / Angel,2500000.0,,2018,1
398,2018-01-10,Tapzo,Technology,Personal Assistant,Bengaluru,RuNet & Other,Private Equity,1930000.0,,2018,1
399,2018-01-10,Appario Retail Pvt Ltd.,E-Commerce,Retail,Delhi,Amazon-Patni JV,Private Equity,18840000.0,,2018,1
400,2018-01-10,Samunnati,Finance,Agricultural Loan,Chennai,"responsAbility, Elevar Equity and Accel Partners",Private Equity,23500000.0,,2018,1
401,2018-01-10,Sahajanand Medical Technologies,Technology,Medical Devices,Surat,Morgan Stanley Private Equity Asia,Private Equity,36230000.0,,2018,1
402,2018-01-12,Kuants,Technology,Algorithmic Trading,Gurugram,"Pankaj Chopra, Ankush Gupta",Seed / Angel,80000.0,,2018,1
403,2018-01-12,Razorpay,Technology,Payment Gateway,Bengaluru,"Tiger Global, Y Combinator",Private Equity,20000000.0,,2018,1
404,2018-01-15,Streak,Technology,Algorithmic Trading,Bengaluru,"Indian fintech fund, Rainmatter",Seed / Angel,354600.0,,2018,1
405,2018-01-15,pi Ventures,Finance,Venture Capital,Bengaluru,"Sunil Kant Munjal, Hero Electronixs corporate financing arm, Electronic Development Fund",Private Equity,25000000.0,,2018,1
406,2018-01-15,Newgen Software,Technology,IT,Delhi,"Goldman Sachs, hedge fund & Others",Private Equity,20000000.0,,2018,1
407,2018-01-17,Rubix,Technology,Education,Pune,Polaris Fund,Private Equity,1000000.0,,2018,1
408,2018-01-18,ShareChat,Technology,Social,Bengaluru,"Xiaomi Singapore, Shunwei Capital",Private Equity,18200000.0,,2018,1
409,2018-01-22,Paperflite,Technology,IT,Chennai,The Chennai Angels,Seed / Angel,400000.0,,2018,1
410,2018-01-22,HungerBox,Consumer Internet,Food and Beverages,Bengaluru,Lionrock Capital,Private Equity,2500000.0,,2018,1
412,2018-01-22,OptaCredit,Finance,Alternative Lending,Chennai,DMI Finance,Private Equity,4000000.0,,2018,1
413,2018-01-22,AEON Learning,Technology,Education,Bengaluru,Dr. Ranjan Pai,Private Equity,3200000.0,,2018,1
414,2018-01-23,Milkbasket,E-Commerce,Online Grocery,Gurugram,Unilever Ventures,Private Equity,3000000.0,,2018,1
415,2018-01-24,NeoGrowth Credit,Finance,Digital Lending,Mumbai,"LeapFrog Investments, Aspada Investment, Quona Capital",Private Equity,47000000.0,,2018,1
416,2018-01-24,Rao IIT Academy,Education,Coaching Services,Mumbai,Avendus Finance,Debt,8600000.0,,2018,1
417,2018-01-24,Aye Finance,Finance,Online Lending,Gurugram,IFMR Capital,Debt,6240000.0,,2018,1
419,2018-01-25,GreyAtom,Technology,Education,Mumbai,Pravega Ventures,Private Equity,1000000.0,,2018,1
420,2018-01-26,Axio,Healthcare,Hemostatic Dressing Solutions,Bengaluru,RNT Capital,Private Equity,7400000.0,,2018,1
421,2018-01-29,eKincare,Healthcare,Technology,Hyderabad,"Ventureast, Endiya Partners, Eight Roads Ventures, Touchstone Equities, BVR Mohan Reddy",Private Equity,1500000.0,,2018,1
422,2018-01-29,The Wedding Brigade,Consumer internet,Online Services,Mumbai,Blume Ventures,Private Equity,1000000.0,,2018,1
423,2018-01-30,PeeSafe,Healthcare,Hygiene,Gurugram,"Shivani Singh, Rahul Maroli, Mitesh Shah, Venture Catalysts, Alfa Capital, Green Shots Capital, Real Time Ventures.",Private Equity,1000000.0,,2018,1
424,2018-01-30,BrowserStack,Technology,Browser Testing,Mumbai,Accel Partners,Private Equity,50000000.0,,2018,1
425,2018-01-30,Scapic,Technology,Virtual Reality,Bengaluru,"Axilor Ventures, Newfort Capital",Seed / Angel,500000.0,,2018,1
426,2018-01-30,MoneyOnMobile,Technology,Mobile Payment Platform,Mumbai,Undisclosed Investors,Private Equity,7600000.0,,2018,1
427,2018-01-30,CureFit,Healthcare,Fitness,Bengaluru,"HDFC Bank, Axis Bank",Debt,10000000.0,,2018,1
428,2018-01-31,iNurture,Technology,Education Solutions,Bengaluru,Ventureast,Private Equity,4400000.0,,2018,1
430,2017-12-05,Dunzo,Technology,Daily Task Management Mobile App,Bengaluru,Google,Private Equity,12300000.0,,2017,12
431,2017-12-05,Tata Housing,Real Estate,Residential Project,Mumbai,Hines,Private Equity,23000000.0,,2017,12
432,2017-12-05,HandyTrain,Technology,Mobile Learning Management Platform,Goa,NB Ventures,Private Equity,1000000.0,,2017,12
433,2017-12-05,Mobycy,Technology,Bicycle sharing Platform,Gurugram,Undisclosed Investors,Seed / Angel,500000.0,,2017,12
434,2017-12-06,Greenlight Planet,Technology,Off-grid solar products platform,Mumbai,"Apis Partner, Eight Roads Ventures, Bamboo Capital Partners",Private Equity,60000000.0,,2017,12
435,2017-12-06,Fintobox,Technology,Child Learning & Development Platform,Chennai,Lightbox,Private Equity,7000000.0,,2017,12
436,2017-12-07,Mswipe,Technology,Mobile point of sale services provider,Mumbai,Eduardo Saverin,Private Equity,10000000.0,,2017,12
437,2017-12-07,The Label Life,E-Commerce,Home Decor and Online Fashion Portal,Mumbai,Kalpvriksh,Private Equity,3100000.0,,2017,12
438,2017-12-07,Cygnus Hospitals,Healthcare,Super speciality Hospitals,Gurugram,Somerset Indus Capital Ventures,Seed / Angel,750000.0,,2017,12
439,2017-12-07,eShakti,E-Commerce,"""Women\\'s Fashion Clothing Online Platform""",Chennai,IDG Ventures,Debt,2300000.0,,2017,12
440,2017-12-08,Inshorts,Technology,Mobile News Curation App,Noida,Tiger Global,Private Equity,5000000.0,,2017,12
441,2017-12-11,Vahdam Tea,E-Commerce,Online Platform Selling Indian Tea Globally,Delhi,"Singapore Angel Network, Mumbai Angel",Private Equity,1500000.0,,2017,12
442,2017-12-11,Logic Roots,Technology,Educational Platform to Learn Mathematics,Mumbai,Village Capital,Seed / Angel,50000.0,,2017,12
443,2017-12-11,Project Mudra,Technology,Assisting Visually Impaired to learn through Braille,Bengaluru,Village Capital,Seed / Angel,50000.0,,2017,12
444,2017-12-11,Furlenco,Technology,Furniture Rental Platform,Bengaluru,Aamir Khan,Debt,1200000.0,,2017,12
445,2017-12-12,I Can Stay,Technology,Hotel Aggregator Platform,Delhi,HT Media,Private Equity,1800000.0,,2017,12
447,2017-12-12,Simility,Technology,Adaptive Fraud Intelligence Platform,Hyderabad,Accel Partners,Private Equity,17500000.0,,2017,12
448,2017-12-12,Shopholix,E-Commerce,Fashion and Lifestyle Coupon Platform,Gurugram,Munesh Khanna,Seed / Angel,233000.0,,2017,12
449,2017-12-13,MindTickle,Technology,Gamification Platform to train Sales People,Pune,Canaan Partners,Private Equity,27000000.0,,2017,12
450,2017-12-13,Nazara Technologies,Technology,Mobile Games Development Firm,Mumbai,Rakesh Jhunjhunwala,Private Equity,27000000.0,,2017,12
451,2017-12-13,DocsApp,Technology,Mobile Application for Doctor Consultation,Bengaluru,Bessemer Venture Partners,Private Equity,7200000.0,,2017,12
453,2017-12-14,Tea Box,E-Commerce,Fresh Indian Tea Selling Platform across 112 countries,Bengaluru,RB Investments,Private Equity,7000000.0,,2017,12
454,2017-12-14,Transversal Technologies,Technology,Hyperlocal Video Information Sharing Platform,Bengaluru,Matrix Partners,Private Equity,6000000.0,,2017,12
455,2017-12-14,Curofy,Technology,Mobile App for Network of Doctors,Gurugram,RoundGlass Partners LLC,Seed / Angel,250000.0,,2017,12
456,2017-12-14,HomeLane,E-Commerce,Online Furniture Marketplace,Bengaluru,"Accel Partners, Sequoia Capital, RB Investments",Private Equity,10000000.0,,2017,12
458,2017-12-15,Purplle,E-Commerce,Beauty Products Online Marketplace,Mumbai,"Mountain Pain Capital, Suncoast Investments",Seed / Angel,537000.0,,2017,12
459,2017-12-15,Cash Suvidha,E-Commerce,Online Micro-Lending Platform,Delhi,Undisclosed,Debt,2700000.0,,2017,12
461,2017-12-19,Springboard,Technology,Online Courses and Mentoring from Experts,Bengaluru,"Costanoa, Learn Capital, Jyoti Bansal",Private Equity,9500000.0,,2017,12
463,2017-12-19,9Stacks,Technology,Online Poker Platform,Delhi,"Swati Gupta, Purnima Khandelwal, Maheshwar Peri, Sanjay Singh",Private Equity,1500000.0,,2017,12
464,2017-12-20,Your Quote,Technology,Vernacular and Video Content Platform,Bengaluru,"Axilor Ventures, E-City VEntures Atul Goel",Private Equity,1000000.0,,2017,12
465,2017-12-20,Spandana Sphoorty,Finance,Micro finance institution providing small ticket unsecured loans to women,Hyderabad,"""Kedaraa Capital, Ontario Teachers\\'""",Private Equity,19500000.0,,2017,12
466,2017-12-21,Indus OS,Technology,Regional Operating System for Smartphones,Mumbai,Omidyar Network,Private Equity,4000000.0,,2017,12
467,2017-12-21,EasyEcom,E-Commerce,Ecommerce enabler platform,Bengaluru,"Ambarish Gupta, Aneesh Reddy, Bold Ventures, Vona Investments",Seed / Angel,150000.0,,2017,12
469,2017-12-26,Specsmakers,E-Commerce,Online Spects Platform for Men and Women,Chennai,Eight Roads Ventures India,Private Equity,10000000.0,,2017,12
471,2017-12-27,Foyr.com,Technology,Realty Tech Startup solving real life Interior Designing problems,Hyderabad,Jones Lang LaSalle,Private Equity,3800000.0,,2017,12
472,2017-11-02,Prest Loans,Finance,Business & SME Loans provider,Delhi,"Manish Poddar, Arun Garg, Parmeshwar Sharma",Seed / Angel,570000.0,,2017,11
475,2017-11-03,Vagupu,Technology,Online Tutorial Marketplace,Bengaluru,Undisclosed Investors,Seed / Angel,1000000.0,,2017,11
477,2017-11-03,Kalpnik Technologies,Technology,VR based Spiritual platform,Bengaluru,Venture Catalysts,Seed / Angel,500000.0,,2017,11
478,2017-11-04,Hevo Data,Technology,Real time data analytics & reporting,Bengaluru,IDG Ventures India,Private Equity,1000000.0,,2017,11
482,2017-11-07,DocTalk,Technology,Doctor Patient Communication platform,Mumbai,"Matrix Partners India, Khosla Ventures",Private Equity,5000000.0,,2017,11
483,2017-11-07,CoveIoT,Technology,Wearable tech and Internet of Things platform,Bengaluru,"Titan Co Ltd, Tata Groups watch and jewellery retailing firm",Private Equity,5000000.0,,2017,11
484,2017-11-08,TalentEdge,Technology,Distance Education Learning Platform,Bengaluru,Lumis Partners,Private Equity,7600000.0,,2017,11
485,2017-11-08,Fisdom,Finance,Mutual Fund Investment App,Bengaluru,Quona Capital Management,Private Equity,3000000.0,,2017,11
486,2017-11-08,FarmLink,E-Commerce,Online platform for Agricultural products,Mumbai,"Pioneering Ventures, Syngenta AG",Private Equity,3000000.0,,2017,11
487,2017-11-08,OpenApp,Technology,IoT based Tech Startup,Bengaluru,"Axilor Ventures, Kumar Vembu",Private Equity,3600000.0,,2017,11
488,2017-11-09,NoPaperForms,Technology,Enrolment Management Platform,Delhi,Info Edge,Seed / Angel,872000.0,,2017,11
491,2017-11-10,Qubole,Technology,Big Data based analytics platform,Bengaluru,"Singtel, Innov8, Harmony Partners",Private Equity,25000000.0,,2017,11
493,2017-11-13,Universal Sportsbiz Pvt. Ltd,E-Commerce,Celebrity fashion accessories and merchandise,Mumbai,Accel Partners,Private Equity,15000000.0,,2017,11
495,2017-11-14,Active AI,Technology,AI based FinTech platform,Bengaluru,Vertex Ventures,Private Equity,8250000.0,,2017,11
496,2017-11-15,Sumeru,Technology,Banking Software License Platform,Bengaluru,Undisclosed Investors,Seed / Angel,900000.0,,2017,11
498,2017-11-15,Omnia Information,Technology,WiFi Analytics Platform,Delhi,Omidyar Network,Private Equity,3000000.0,,2017,11
501,2017-11-17,Kanhaiya,Inspiration,Storytelling platform,Hyderabad,Undisclosed Investors,Seed / Angel,200000.0,,2017,11
503,2017-11-20,ONN Bikes,Technology,Self riding bike rental program,Mumbai,Z Nation Lab,Seed / Angel,692000.0,,2017,11
504,2017-11-21,Rapido,Technology,Bike and Taxi pooling online platform,Hyderabad,"Skycatcher Fund, Aravind Sanka",Seed / Angel,329230.0,,2017,11
505,2017-11-21,Heckyl,Technology,Big Data Analytics Platform,Mumbai,"Notion Capital, IDG Ventures",Private Equity,2700000.0,,2017,11
506,2017-11-21,Nuvepro,Technology,Managed Cloud Environment Solutions,Mumbai,1Crowd,Seed / Angel,400000.0,,2017,11
507,2017-11-21,RedBook,Technology,AI based pharmacy drugs insights platform,Mumbai,"Vida Ventures, Dr. Aniruddha Malpani",Seed / Angel,250000.0,,2017,11
508,2017-11-21,Portea,Healthcare,Healthcare facilities at doorstep,Bengaluru,"Sabre Partners, MEMG CDC",Private Equity,26000000.0,,2017,11
510,2017-11-21,Epiq Capital,Finance,Tech based investor firm,Mumbai,Global Institutional Investors,Private Equity,200000000.0,,2017,11
513,2017-11-24,IDG Ventures,Finance,Venture Capitalist,Bengaluru,Uniliver Ventures,Private Equity,10000000.0,,2017,11
514,2017-11-24,TempGo,Technology,IoT and SaaS based transportation platform,Goa,Javelin StartupO Victory Fund,Seed / Angel,250000.0,,2017,11
515,2017-11-27,Edelweiss,Finance,Diversified Financial,Mumbai,Undisclosed investors,Private Equity,270000000.0,,2017,11
516,2017-11-27,ERA,Technology,Identity management platform,Mumbai,Amit Patni,Seed / Angel,39000.0,,2017,11
517,2017-11-27,Smaaash,Technology,Virtual Reality based gaming platform,Mumbai,Sixth Sense Ventures,Private Equity,3800000.0,,2017,11
518,2017-11-28,Chumbak,Lifestyle,Designer-led consumer products,Bengaluru,Gaja Capital,Private Equity,13000000.0,,2017,11
519,2017-11-28,FR8,Technology,Online Truck aggregator platform,Chennai,IFMR Capital,Debt,1500000.0,,2017,11
520,2017-11-28,MobieFit,Healthcare,Health and fitness based mobile App,Goa,"NB Ventures, MediAssist",Seed / Angel,1350000.0,,2017,11
521,2017-11-28,Stanza Living,Technology,Student accommodation platform,Delhi,"Matrix PArtners, Accel",Private Equity,2000000.0,,2017,11
524,2017-10-03,Ola,Consumer Internet,App based cab hailing services,Bengaluru,"Tencent, Softbank Group",Private Equity,110000000.0,,2017,10
526,2017-10-04,CollPoll,Consumer Internet,Education collaboration platform,Bengaluru,Sprout Angels,Seed / Angel,306000.0,,2017,10
527,2017-10-04,PhonePe,Consumer Internet,Digital Wallet,Bengaluru,Flipkart,Private Equity,38700000.0,,2017,10
528,2017-10-05,Little Black Book,Consumer Internet,Local Recommendations and Discoveries Platform,Delhi,"Blume Ventures, IDG Ventures & Indian Angel Network",Private Equity,1000000.0,,2017,10
529,2017-10-05,Oorjan,Technology,rooftop solar platform,Mumbai,Globevestor,Seed / Angel,450000.0,,2017,10
530,2017-10-05,Zefo,E-Commerce,Ecommerce Portal for Used Goods,Bengaluru,"Sequoia India, Helion Venture Partners, Beenext",Private Equity,9200000.0,,2017,10
531,2017-10-06,Yaantra,E-Commerce,Mobile repair and Refurbishment platform,Delhi,Carpediem Capital,Private Equity,3100000.0,,2017,10
532,2017-10-06,Farm Taaza,Technology,Fresh Produce SCM company,Bengaluru,"Epsilon Venture Partners, Tara India Fund IV and others",Private Equity,8000000.0,,2017,10
533,2017-10-06,Drivezy,Consumer Internet,Self Drive car and bike rental platform,Bengaluru,"Das Capital, Axan Partners, Das Capital and IT Farm",Private Equity,10000000.0,,2017,10
534,2017-10-06,Slice Pay,Consumer Internet,Student Micro-financing platform,Bengaluru,"Das Capital, Simile Ventures",Private Equity,2000000.0,,2017,10
536,2017-10-09,MyGubbi,E-Commerce,Home Interior Designing Seller,Bengaluru,"Firoze Irani, Vipul Parekh, Ananda Kallugadde, Rajesh K Murthy",Private Equity,2700000.0,,2017,10
539,2017-10-09,OneStepUp,Technology,Education Technology platform,Delhi,Orient BlackSwan,Seed / Angel,336000.0,,2017,10
541,2017-10-10,Parallel Dots,Technology,AI-powered deep learning solutions,Gurugram,"Multipoint Capital,",Private Equity,1400000.0,,2017,10
542,2017-10-10,Easy Diner,Consumer Internet,online restaurant reservation platform,Gurugram,Saama Capital and DSG Consumer Partners,Private Equity,4500000.0,,2017,10
543,2017-10-11,Meesho,E-Commerce,Online Reseller Network,Bengaluru,"SAIF Partners, YCombinator, Venture Highway",Private Equity,3100000.0,,2017,10
544,2017-10-11,StanPlus,Logistics,Medical Transportation Services,Hyderabad,KStart Capital,Private Equity,1100000.0,,2017,10
545,2017-10-12,UCLID,Technology,"Education Network for Institutions, teachers & Students",Hyderabad,Undisclosed investors,Seed / Angel,235000.0,,2017,10
546,2017-10-13,Policy Bazaar,Consumer Internet,Online insurance policy aggregator,Gurugram,"Wellington Management, DG Ventures India, True North",Private Equity,77000000.0,,2017,10
547,2017-10-13,Gapoon,Consumer Internet,home maintenance services platform,Bengaluru,"Vida Ventures, Snehal Mantri, Anshu Bahadur",Seed / Angel,250000.0,,2017,10
548,2017-10-13,Chaayos,E-Commerce,Online Chai ordering platform,Gurugram,Tiger Global Management,Private Equity,2000000.0,,2017,10
549,2017-10-16,KrazyBee,Consumer Internet,Micro-lending platform,Bengaluru,"Xiaomi Technologies, Shunwei Capital",Private Equity,8000000.0,,2017,10
550,2017-10-16,Renew Buy,Consumer Internet,Online Insurance Aggregator,Delhi,Amicus Capital,Private Equity,9200000.0,,2017,10
551,2017-10-17,Fingerlix,Consumer Internet,Food Ordering Portal,Bengaluru,"Accel Partners, Zephyr Peacock",Private Equity,7000000.0,,2017,10
552,2017-10-18,Bank Bazaar,Consumer Internet,Online Financial Marketplace,Chennai,Experian,Private Equity,7000000.0,,2017,10
554,2017-10-18,BlackBuck,Logistics,B2B Logistics provider,Bengaluru,Innoven Capital,Private Equity,7700000.0,,2017,10
555,2017-10-18,LenDen Club,Consumer Internet,Online peer-to-peer lending platform,Mumbai,Undisclosed Investor,Seed / Angel,500000.0,,2017,10
556,2017-10-23,Toppr,Consumer Internet,Mobile based learning app,Mumbai,"SAIF Partners, Helion Ventures, FIL Capital Management",Private Equity,7000000.0,,2017,10
557,2017-10-23,RAW Pressery,Food & Beverage,Cold pressed Juice maker,Mumbai,"DSG Consumer Partners, Sequoia Capital, Saama Capital",Private Equity,6000000.0,,2017,10
558,2017-10-23,Cashe,Consumer Internet,app-only lending platform,Mumbai,IFMR Capital,Debt,3100000.0,,2017,10
559,2017-10-23,Park Easy,Consumer Internet,Machine learning based parking discovery,Kolkata,Rockstart Accelerator,Seed / Angel,118000.0,,2017,10
561,2017-10-24,FYRE,Food & Beverage,Herbal energy shot maker,Mumbai,Venture Catalysts,Seed / Angel,500000.0,,2017,10
562,2017-10-24,ZipLoan,Consumer Internet,SME lending platform,Delhi,"Matrix Partners India, WaterBridge Ventures, Whiteboard Capital, Sarbvir Singh",Private Equity,3000000.0,,2017,10
563,2017-10-24,Skillenza,Consumer Internet,Online Learning Platform,Bengaluru,"Blume Ventures, Indian Angel Network",Seed / Angel,722000.0,,2017,10
566,2017-10-25,SpotDraft,Consumer Internet,Contract Automation,Gurugram,"Hunch Ventures, Spiral Ventures, 500 Startups, Singapore Angel Network, Citrus Payments",Seed / Angel,550000.0,,2017,10
567,2017-10-26,Big Basket,E-Commerce,Online Grocery portal,Bengaluru,Helion Ventures Partners,Private Equity,5000000.0,,2017,10
568,2017-10-27,OfBusiness,Technology,B2B Finance & Fulfilment Network,Gurugram,Kotak Mahindra Bank,Debt,3800000.0,,2017,10
570,2017-10-28,CashFree,Technology,Payments Platform for Marketplaces and Fintechs,Delhi,Y Combinator,Seed / Angel,120000.0,,2017,10
571,2017-10-28,Ola,Consumer Internet,App based cab hailing services,Bengaluru,ANI Technologies Pvt. Ltd,Private Equity,7700000.0,,2017,10
572,2017-10-30,GoldFarm,Food & Beverage,Agriculture Technology,Coimbatore,Mahindra & Mahindra and Infuse Ventures,Private Equity,2000000.0,,2017,10
573,2017-10-31,NetMeds,E-Commerce,Online Pharmacy,Chennai,TannCam Investment & Sistema Asia Fund,Private Equity,14000000.0,,2017,10
574,2017-10-31,MSE,Finance,Equity Stock Exchange,Mumbai,"IL&FS, Trust Capital, Rosy Blue Securities, Radhakrishan Damani and Rakesh Jhunjhunwala",Private Equity,32000000.0,,2017,10
575,2017-09-01,Aahaa Stores,eCommece,Online B2B store for office supplies,Chennai,YourNest Angel Fund,Private Equity,1000000.0,,2017,9
576,2017-09-01,MFine,Consumer Internet,Online Doctor Discovery platform,Bengaluru,"Stellaris Venture Partners, Mayur Abhaya, Rohit MA",Private Equity,1500000.0,,2017,9
577,2017-09-01,Canvera,Consumer Internet,Online Photography platform,Mumbai,InfoEdge,Private Equity,1300000.0,,2017,9
578,2017-09-04,PrimaryIO,Technology,Application Performance Acceleration,Pune,"Accel Partners, Exfinity Ventures, Partech Ventures",Private Equity,5600000.0,,2017,9
579,2017-09-05,Shubh Loans,Consumer Internet,online lending platform,Bengaluru,"SRI Capital, BeeNext, Pravega Ventures",Private Equity,1500000.0,,2017,9
580,2017-09-05,Nest Education,Technology,EduTech Platform,Gurugram,"Michael and Susan Dell Foundation, Anand Mahindra",Seed / Angel,600000.0,,2017,9
581,2017-09-06,Lending Kart,Consumer Internet,Online Lending Platform,Ahmedabad,"Bertelsmann India, Mayfield Capital, Saama Capital, Darrin Capital",Private Equity,10750000.0,,2017,9
582,2017-09-06,GoFro,Consumer Internet,Online travel booking platform,Delhi,"HIS Co. Ltd, MakeMyTrip",Private Equity,10000000.0,,2017,9
583,2017-09-06,OncoStem,Healthcare,Medical Diagnostic Solutions,Bengaluru,"Sequoia Capital India, Artiman Ventures",Private Equity,6000000.0,,2017,9
584,2017-09-06,Power2SME,E-Commerce,Buying Club for Small Businesses,Gurugram,"International Finance Corporation (IFC), Inventus Capital Partners, Accel Partners, Kalaari Capital, and Nandan Nilekani,",Private Equity,26000000.0,,2017,9
585,2017-09-07,Credit Vidya,Consumer Internet,Online Credit scoring platform,Mumbai,Matrix Partners,Private Equity,5000000.0,,2017,9
587,2017-09-07,OYO,Consumer Internet,Branded budget hotels marketplace,Gurugram,"SoftBank Group, Sequoia Capital India, Lightspeed Venture Partners, Greenoaks Capital, Hero Enterprise",Private Equity,250000000.0,,2017,9
588,2017-09-07,Early Salary,Consumer Internet,Online Unsecured Lending platform,Pune,IFMR Capital,Debt,780000.0,,2017,9
590,2017-09-07,Seniority,E-Commerce,Ecommerce portal for senior citizens,Pune,RPG Enterprises,Private Equity,1000000.0,,2017,9
591,2017-09-08,AYE Finance,Consumer Internet,Micro Lending Platform,Delhi,"Triodos Investment Management,",Debt,6900000.0,,2017,9
593,2017-09-11,Ecom Express,Logistics,Logistics Solutions provider,Delhi,Warburg Pincus,Private Equity,30000000.0,,2017,9
594,2017-09-11,Call Health,Consumer Internet,Healthcare Services Aggregator,Hyderabad,"Sachin Tendulkar, P.V SIndhu, Pullela Gopichand",Private Equity,6200000.0,,2017,9
596,2017-09-12,3HCare,Consumer Internet,Healthcare services portal,Delhi,Undisclosed Investor,Seed / Angel,100000.0,,2017,9
597,2017-09-12,Tonbo Imaging,Technology,Imaging Technology for Armed Forces,Bengaluru,"WRV Capital, Qualcomm Ventures, Edelweiss Private Equity, Artiman Ventures",Private Equity,17000000.0,,2017,9
598,2017-09-12,Get My Parking,Consumer Internet,Smart Parking Enabler,Delhi,"IAN Fund, Beenext, Indian Angel Network",Private Equity,3000000.0,,2017,9
600,2017-09-13,Glowroad,Consumer Internet,women focussed customer-to-customer reseller network,Bengaluru,"Accel Partners,",Private Equity,2000000.0,,2017,9
601,2017-09-13,OYO,Consumer Internet,udget hotel marketplace,Gurugram,China Lodging Group,Private Equity,10000000.0,,2017,9
602,2017-09-13,Unacademy,Consumer Internet,Online learning platform,Mumbai,"Sequoia Capital India, SAIF Partners, Nexus Venture Partners and Blume Ventures,",Private Equity,11500000.0,,2017,9
603,2017-09-13,Heterogenous,Technology,Telecom & IoT platform,Chennai,"Chennai Angels, Keiretsu Forum & Others",Seed / Angel,780000.0,,2017,9
605,2017-09-14,Smaaash,Technology,Virtual Reality gaming and entertainment platform,Mumbai,ECL Finance,Private Equity,44000000.0,,2017,9
606,2017-09-14,WheelStreet,Consumer Portal,Bike Rental Platform,Bengaluru,Y Combinator,Seed / Angel,120000.0,,2017,9
608,2017-09-18,The Moms Co,E-Commerce,Pregnancy & Baby Care product etailer,Gurugram,"DSG Consumer Partners, Saama Capital",Private Equity,1000000.0,,2017,9
610,2017-09-19,High Radius,Technology,Integrated receivables software solutions,Hyderabad,Susquehanna Growth Equity LLC,Private Equity,50000000.0,,2017,9
612,2017-09-21,SaveBC,Finance,financial services firm,Gaya,Incofin Investment Management.,Private Equity,6000000.0,,2017,9
615,2017-09-21,Homergize,E-Commerce,Home Furnishing & Building material marketplace,Bengaluru,LG Chandrasekhar,Private Equity,1000000.0,,2017,9
616,2017-09-22,Yatra.com,E-Commerce,Online Travel Agency,Gurugram,InnoVen Capital India,Debt,15400000.0,,2017,9
619,2017-09-25,Synup,Technology,SME Marketing Management Solution,Bengaluru,"Vertex Ventures, Prime Venture Partners.",Private Equity,6000000.0,,2017,9
622,2017-09-25,Rapido,Consumer Internet,Bike Aggregator Mobile App,Bengaluru,Battery Road Digital Holdings LLC,Seed / Angel,422000.0,,2017,9
623,2017-09-25,Sportobuddy,Consumer Internet,Sports & Sport related equipment portal,Mumbai,Mehul Shah,Seed / Angel,150000.0,,2017,9
627,2017-09-27,Transerve,Technology,Geospatial Technology-based SaaS solutions,Mumbai,"IL&FS Investment Managers, Omidyar Network.",Private Equity,1600000.0,,2017,9
629,2017-09-27,Pitstop,Consumer Internet,Car repair and Servicing Platform,Bengaluru,"Blume Ventures, Goldbell Group, Anurag Srivastava, Shailesh Rao, Amiya Pathak, Rajesh Yohanan and Rahul Garg",Private Equity,1000000.0,,2017,9
631,2017-09-27,MyUpchar,Consumer Internet,Local Language Health Information portal,Delhi,LetsVenture,Seed / Angel,300000.0,,2017,9
632,2017-09-28,Aadyah,Technology,Defense Tech & Aerospace startup,Bengaluru,Keiretsu Forum,Private Equity,1000000.0,,2017,9
633,2017-08-01,TouchKin,Technology,Predictive Care Platform,Bengaluru,Kae Capital,Private Equity,1300000.0,,2017,8
636,2017-08-02,Zepo,Consumer Internet,DIY Ecommerce platform,Mumbai,"Kunal Shah, LetsVenture, Anupam Mittal, Hetal Sonpal",Seed / Angel,500000.0,,2017,8
637,2017-08-02,Click2Clinic,Consumer Internet,healthcare service aggregator,Hyderabad,"Narottam Thudi, Shireesh Palle",Seed / Angel,850000.0,,2017,8
638,2017-08-03,SpeedBox,Logistics,On-Demand Logistics Service provider,Mumbai,Cismat Cargo Services Pvt. Ltd.,Seed / Angel,300000.0,,2017,8
646,2017-08-08,New Castle Technologies,Technology,Hospital Management Software,Chennai,Undisclosed investors,Seed / Angel,243000.0,,2017,8
647,2017-08-08,My Forex Eye,Consumer Internet,foreign exchange services,Delhi,"Rahul Dev Kumar, Rajesh Mahajan, Ankit Sharma and others",Seed / Angel,220000.0,,2017,8
648,2017-08-09,TruxApp,Logistics,Mobile based Logistics Service,Delhi,"Venugopal Dhoot, Ajay Bhatia, Tarun Khandelwal, Ganpat Singhvi, Mandhian family & Others",Seed / Angel,3100000.0,,2017,8
649,2017-08-09,CroFarm,Technology,Agriculture Supply Chain solutions,Gurugram,Factor[e] Ventures,Seed / Angel,783000.0,,2017,8
652,2017-08-11,Flipkart,E-Commerce,Online Marketplace,Bengaluru,Softbank,Private Equity,2500000000.0,,2017,8
654,2017-08-11,Ola,Consumer Internet,App based cab aggregation Service,Gurugram,Tekne Capital Management,Private Equity,36000000.0,,2017,8
656,2017-08-14,Digilend,Technology,Personal Loans & EMI solutions platform,Mumbai,"InCred Finance, Fullerton India Credit Company Ltd",Seed / Angel,312000.0,,2017,8
657,2017-08-15,KNAB Finance,Consumer Internet,Unsecured Small Business Loans,Bengaluru,"InCred, Krishnakumar Natarajan, Ravi Bhardwaj",Seed / Angel,385000.0,,2017,8
659,2017-08-20,Rootefy,E-Commerce,Building material online store,Delhi,"Abhinav Gupta,",Seed / Angel,187000.0,,2017,8
660,2017-08-21,Uniphore,Technology,speech recognition startup,Chennai,IDG Ventures,Private Equity,6800000.0,,2017,8
661,2017-08-21,Cerebroz,Consumer Internet,E-Tech platform,Vadodara,Undisclosed HNIs,Seed / Angel,734000.0,,2017,8
665,2017-08-23,Dhruva,Technology,Cloud data protection and management solutions,Pune,"Riverwood Capital, Sequoia Capital India, Nexus Venture Partners, Tenaya Capital",Private Equity,80000000.0,,2017,8
666,2017-08-23,Bombay Shaving Company,E-Commerce,Men Grooming product etailer,Delhi,Fireside Ventures,Private Equity,2300000.0,,2017,8
668,2017-08-23,Indiez,Technology,Software & Mobile app development platform,Bengaluru,Haresh Chawla,Seed / Angel,500000.0,,2017,8
669,2017-08-24,Ezetap,Technology,mPOS solutions provider,Bengaluru,"JS Capital Management, Social Capital, Horizons Ventures,",Private Equity,16000000.0,,2017,8
670,2017-08-25,Ink Monk,Consumer Internet,Online printing marketplace,Chennai,"VAMM Ventures, Raksul, Dena",Seed / Angel,750000.0,,2017,8
671,2017-08-25,Medinfi,Consumer Internet,Online Doctor Discovery Platform,Bengaluru,"PBS Srinivas, Vinod Martin,",Seed / Angel,125000.0,,2017,8
672,2017-08-28,Mobikon,Technology,Restaurant & Hotel CRM platform,Pune,"Sistema Asia Fund, C31 Ventures, Qualgro.",Private Equity,7000000.0,,2017,8
673,2017-08-29,CureFit,Consumer Internet,End to End health and wellness platform.,Bengaluru,"Accel Partners, IDG Ventures, Kalaari Capital, UC-RNT fund",Private Equity,25000000.0,,2017,8
674,2017-08-29,Doxper,Technology,Healthtech IoT platform,Mumbai,"idal Health, growx ventures, Capier Investments, Globevestor & others",Seed / Angel,750000.0,,2017,8
676,2017-08-30,Treebo,Consumer Internet,Budget Hotel Aggregator platform,Bengaluru,"Ward Ferry Management and Karst Peak Capital,",Private Equity,34000000.0,,2017,8
677,2017-08-30,MedGenome,Technology,Genomics Research and Diagnostics Solutions,Bengaluru,"Sequoia India, Sofina s.a., Zodius Capital, Kris Gopalakrishnan, Lakshmi Narayanan,",Private Equity,30000000.0,,2017,8
678,2017-07-01,Billion Loans,Consumer Internet,Peer to Peer Lending platform,Bengaluru,Reliance Corporate Advisory Services Ltd,Seed / Angel,1000000.0,,2017,7
679,2017-07-03,Ecolibriumenergy,Technology,Energy management solutions provider,Ahmedabad,"Infuse Ventures, JLL",Private Equity,2600000.0,,2017,7
680,2017-07-04,Droom,E-Commerce,Online marketplace for automobiles,Gurugram,"Asset Management (Asia) Ltd, Digital Garage Inc",Private Equity,20000000.0,,2017,7
681,2017-07-05,Jumbotail,E-Commerce,online marketplace for food and grocery,Bengaluru,"Kalaari Capital, Nexus India Capital Advisors",Private Equity,8500000.0,,2017,7
682,2017-07-05,Moglix,E-Commerce,B2B marketplace for Industrial products,Noida,"International Finance Corporation, Rocketship, Accel Partners, Jungle Ventures, Shailesh Rao, Venture Highway",Private Equity,12000000.0,,2017,7
683,2017-07-05,Timesaverz,Consumer Internet,Hyperlocal home services provider,Mumbai,BCCL,Private Equity,1000000.0,,2017,7
686,2017-07-07,Clip App,Consumer Internet,Digital Media Video platform,Bengaluru,"India Quotient, Shunwei Capital",Seed / Angel,1000000.0,,2017,7
688,2017-07-10,Autorox.co,Technology,Workshop Management Software Platform,Hyderabad,Mitsui & Co.,Private Equity,3000000.0,,2017,7
689,2017-07-11,Fabogo,Consumer Internet,Salon & Spa Aggregation & Discovery platform,Pune,Dunamis Ventures Pte Ltd,Private Equity,2250000.0,,2017,7
690,2017-07-11,Flickstree,Consumer Internet,Video Content Discovery Platform,Mumbai,"Venture Catalysts, Sourav Ganguly, Ankit Aditya, Moksh Sports Ventures",Seed / Angel,464000.0,,2017,7
692,2017-07-12,Innoviti,Technology,Digital payments solutions,Bengaluru,"SBI-FMO Fund, Bessemer Venture Partners, Catamaran Ventures",Private Equity,18500000.0,,2017,7
696,2017-07-14,QwikSpec,Technology,Construction site operations and analytics platform,Bengaluru,"Brigade Innovations LLP, TV Mohandas Pai, Suhail Rahman, Bobby Reddy, M George Oommen",Seed / Angel,540000.0,,2017,7
697,2017-07-14,Chumbak,E-Commerce,Designer consumer products Marketplace,Bengaluru,Blacksoil Capital Pvt. Ltd,Private Equity,1700000.0,,2017,7
698,2017-07-17,Increff,Technology,Sales Solutions for Fashion Brands,Bengaluru,"Sequoia Capital, Grey Orange, Rajesh Ramaiah, Anshuman Das, Rishi Das",Seed / Angel,2000000.0,,2017,7
699,2017-07-17,Vayana,Technology,Enterprise Banking Solutions,Pune,"IDG Ventures India Advisors, Jungle Ventures",Private Equity,4000000.0,,2017,7
704,2017-07-19,Rentomojo,Consumer Internet,Consumer Leasing Platform,Bengaluru,"ain Capital Ventures, Renaud Laplanche",Private Equity,10000000.0,,2017,7
706,2017-07-19,Playablo,Technology,Gamified Learning App,Bengaluru,ABI-Showatech (India) Ltd,Seed / Angel,600000.0,,2017,7
707,2017-07-20,Trupay,Technology,Online payments platform,Gurugram,"Kae Capital, M&S Partners,",Seed / Angel,700000.0,,2017,7
708,2017-07-21,Brick2Wall,E-Commerce,Online Marketplace for Construction Material,Gurugram,"Subramani Somasundaram, Sundeep Sahni, Mayank Mittal & Others",Seed / Angel,200000.0,,2017,7
712,2017-07-25,Noticeboard,Consumer Internet,Mobile-first Enterprise communication platform,Bengaluru,"Stellaris Venture Partners,",Private Equity,1200000.0,,2017,7
713,2017-07-25,Byjus,Consumer Internet,Mobile Learning App,Bengaluru,Tencent Holdings,Private Equity,35000000.0,,2017,7
715,2017-07-26,Fab Hotels,Consumer Internet,Budget hotels brand & Aggregator Platform,Delhi,Goldman Sachs,Private Equity,25000000.0,,2017,7
716,2017-07-26,ThinkerBell,Consumer Internet,Assisted Learning Startup,Bengaluru,"Indian Angel Network, Anand Mahindra",Seed / Angel,200000.0,,2017,7
717,2017-07-27,1mg,E-Commerce,Online Pharmacy,Gurugram,"HBM Healthcare Investments, Maverick Capital Ventures, Sequoia India, Omidyar Network and Kae Capital",Private Equity,15000000.0,,2017,7
719,2017-07-28,BigStylist,Consumer Internet,Beauty Services Marketplace,Mumbai,Info Edge (India) Ltd,Private Equity,1250000.0,,2017,7
722,2017-06-02,RentOnGo,E-Commerce,"Online Marketplace for Renting Bikes, Electronics & Appliances",Bengaluru,TVS Motor Company,Seed / Angel,234000.0,,2017,6
723,2017-06-05,Goomo,Consumer Internet,Online Travel & Holiday Booking platform,Mumbai,Emerging India,Private Equity,50000000.0,,2017,6
725,2017-06-06,Spinny,E-Commerce,Online Used Car marketplace,Gurugram,"Blume Ventures, Indian Angel Network, Kunal Shah, Sandeep Tandon",Private Equity,1000000.0,,2017,6
728,2017-06-06,BHIVE Workspace,Consumer Internet,co-working spaces,Bengaluru,Blume Ventures,Private Equity,1200000.0,,2017,6
729,2017-06-06,wayForward,Consumer Internet,Mobile app for Mental Health,Delhi,"Harsh Mahajan, Farhan Naqvi, Sreepathy Viswanathan",Seed / Angel,1000000.0,,2017,6
732,2017-06-07,ZipLoan,Consumer Internet,Online lending platform,Delhi,WaterBridge Ventures,Seed / Angel,650000.0,,2017,6
733,2017-06-07,GrowFitter,Consumer Internet,health and fitness discovery platform,Mumbai,SQue Capital,Seed / Angel,600000.0,,2017,6
734,2017-06-08,Stratfit,Consumer Internet,Health coaching programs,Hyderabad,Bodhtree Consulting Limited,Seed / Angel,232000.0,,2017,6
735,2017-06-08,Multiplier Solutions,Technology,CRM Software for Healthcare space,Hyderabad,Norwest Venture Partners,Private Equity,1500000.0,,2017,6
736,2017-06-08,ABI Health,Technology,Unified Digital Health Platform,Bengaluru,Norwest Venture Partners,Private Equity,1500000.0,,2017,6
737,2017-06-08,Stockal,Consumer Internet,App-based Investment advisory Services,Bengaluru,"Mohan Alexander, R. Natarajan, Vikrant Varshney, Amit Sinha",Seed / Angel,350000.0,,2017,6
738,2017-06-09,Guidoo,Consumer Internet,Travel & adventure planning platform,Mumbai,"Pawan Borle, Nirmal Singh, Manish Prasad, Vineet Varma, Nick Haulkoury, Abhai S. Rao",Seed / Angel,300000.0,,2017,6
739,2017-06-09,eSahai.in,Consumer Internet,ambulance aggregator and medical taxi provider,Hyderabad,"Dr Ramesh Ayyala, Satya Muthyala",Seed / Angel,250000.0,,2017,6
741,2017-06-12,LendingKart,Consumer Internet,Online Lending platform,Ahmedabad,Yes Bank,Debt,7800000.0,,2017,6
742,2017-06-12,Boxx.ai,Technology,Artificial Intelligence,Bengaluru,"Unicorn India Ventures, Venky Krishnakumar, Suresh Shankar, Vivek Bhargava",Private Equity,500000.0,,2017,6
743,2017-06-12,PeeSafe.in,Healthcare,Hygiene care product manufacturer,Delhi,"Venture Catalysts, Alfa Capital, Green Shots Capital, Real Time Ventures",Private Equity,1000000.0,,2017,6
744,2017-06-12,Vista Rooms,Consumer Internet,Online rooms aggregation platform,Mumbai,"Artha India Ventures, Singularity Holdings, Rajan Anandan, Girish Mathrubootham",Seed / Angel,776000.0,,2017,6
745,2017-06-12,CoverFox,Consumer Internet,Online insurance brokerage platform,Mumbai,Transamerica,Private Equity,15000000.0,,2017,6
747,2017-06-13,Goodera,Technology,CSR and sustainability management platform,Bengaluru,"Nexus Venture Partners, Omidyar Network",Private Equity,5500000.0,,2017,6
749,2017-06-14,Ola,Consumer Internet,Cab Aggregation App,Bengaluru,Tekne Capital Management LLC,Private Equity,50000000.0,,2017,6
751,2017-06-14,MrNeeds,Consumer Internet,Micro Food Delivery platform,Noida,undisclosed investors,Seed / Angel,500000.0,,2017,6
752,2017-06-15,MoneyTap,Consumer Internet,Money Lending platform,Bengaluru,"Sequoia India, NEA, Prime Venture Partners",Private Equity,12300000.0,,2017,6
753,2017-06-16,Goodbox,E-Commerce,Mobile SAAS ECommerce platform for SMEs,Bengaluru,"Nexus Venture Partners, Mekin Maheshwari",Private Equity,1000000.0,,2017,6
754,2017-06-16,Fincash,Consumer Internet,Personal Finance platform,Mumbai,"Mohammed Khan, Sameer Narayan & Others",Seed / Angel,100000.0,,2017,6
755,2017-06-16,PortDesk,Technology,Maritime Solutions,Noida,Alphard Maritime Group,Seed / Angel,2000000.0,,2017,6
759,2017-06-19,Unbxd,Technology,Cloud-based product discovery platform,Bengaluru,Eight Roads Ventures,Private Equity,12500000.0,,2017,6
760,2017-06-19,DarwinBox,Technology,Enterprise human resources management platform,Hyderabad,"Lightspeed India Partners, Endiya Partners, 3one4 Capital Advisors LLP, Startupxseed Ventures LLP",Private Equity,4000000.0,,2017,6
761,2017-06-20,ForeverShop,Consumer Internet,Mobile based ecommerce platform,Bengaluru,91maker.com,Seed / Angel,300000.0,,2017,6
762,2017-06-20,Insider.in,Consumer Internet,Events Ticketing platform,Mumbai,Paytm,Private Equity,5200000.0,,2017,6
763,2017-06-21,Fynd,E-Commerce,Fashion etailer,Mumbai,"IIFL Seed Ventures, Kae Capital, FJ Labs, Singularity Ventures, GrowX, Tracxn Labs, Axis Capital",Private Equity,2400000.0,,2017,6
764,2017-06-21,Grow Fit,Consumer Internet,Health-Tech platform,Bengaluru,"Manipal Education and Medical Group (MEMG), SAR Group, The Grover Trust",Private Equity,4500000.0,,2017,6
765,2017-06-21,Fabulyst,Technology,Artificial Intelligence based platform,Hyderabad,iBhubs,Seed / Angel,215000.0,,2017,6
766,2017-06-21,mSwipe,Technology,Point-of-Sale services,Mumbai,"UC-RNT Fund, Matrix Partners, alcon Edge Capital, DSG Consumer Partners",Private Equity,31000000.0,,2017,6
768,2017-06-22,Julia Computing,Technology,Open Source Language for Data Science and Machine Learning,Bengaluru,"General Catalyst, Founder Collective",Private Equity,4600000.0,,2017,6
769,2017-06-22,Kissht,Consumer Internet,Consumer Lending platform,Mumbai,"Endiya Partners, Ventureast",Private Equity,2000000.0,,2017,6
770,2017-06-22,Explore Life traveling,Consumer Internet,Local homes booking platform,Bengaluru,"Mekin Maheshwari, Bharat Vijay, Krish Seshadri, Amar Arsikere",Seed / Angel,500000.0,,2017,6
771,2017-06-23,Loantap,Consumer Internet,Lending platform for salaried professionals,Mumbai,"Kae Capital, India Quotient, IFMR, and MAS Financial Services Ltd",Private Equity,4000000.0,,2017,6
772,2017-06-23,Voxweb,Consumer Internet,Mobile based social networking platform,Mumbai,Undisclosed investors,Seed / Angel,1000000.0,,2017,6
773,2017-06-26,HUG Innovations,Technology,Gesture based Smartwatch manufacturer,Hyderabad,"Mohit Srivastav, Kishore Ganji, Venkat Vallabhaneni, Rajeev Menon",Private Equity,5000000.0,,2017,6
774,2017-06-26,Flipkart,E-Commerce,Online marketplace,Bengaluru,Naspers,Private Equity,71000000.0,,2017,6
775,2017-06-26,V Resorts,Consumer Internet,Holiday & Vacation resort aggregator,Noida,"Seedfund, RB International",Private Equity,4000000.0,,2017,6
776,2017-06-27,Stashfin,Consumer Internet,Personal Finance App,Delhi,"Snow Leopard Ventures, Alto Partners",Private Equity,5000000.0,,2017,6
778,2017-06-27,Spares Hub,E-Commerce,Automobile parts marketplace,Pune,"The Chennai Angels, Anthill Scale Ventures, Esvee Technologies Inc, Inc95 Consulting",Seed / Angel,311000.0,,2017,6
780,2017-06-28,Rubique,Consumer Internet,Online Marketplace for financial products,Mumbai,"Kalaari Capital, Udayan Goyal",Private Equity,3000000.0,,2017,6
781,2017-06-28,Niki.ai,Consumer Internet,AI Based Personal Assistant,Bengaluru,"SAP.iO, Unilazer Ventures",Private Equity,2000000.0,,2017,6
782,2017-06-29,Fitpass,Consumer Internet,Online Fitness Marketplace,Delhi,"Abhinav Bindra, Gaurav Marya",Private Equity,1000000.0,,2017,6
784,2017-06-30,Tagos Design,Technology,in-video discovery platform,Bengaluru,Undisclosed Investors,Private Equity,5000000.0,,2017,6
785,2017-06-30,UrbanClap,Consumer Internet,Mobile Services Marketplace,Gurugram,"Vy Capital, SAIF Partners, Accel Partner, Bessemer Venture Partners",Private Equity,21000000.0,,2017,6
786,2017-05-01,Ace2three,Consumer Internet,Online Rummy playing Website,Hyderabad,Clairvest Group,Private Equity,73700000.0,,2017,5
787,2017-05-01,Power2SME,E-Commerce,Buying portal for SMEs,Gurugram,International Finance Corporation,Private Equity,10000000.0,,2017,5
788,2017-05-02,Innovapptive,Technology,Enterprise Mobility Solutions,Hyderabad,Hyderabad Angels,Seed / Angel,1500000.0,,2017,5
789,2017-05-02,4tigo,Logistics,Truck Network company,Bengaluru,"Accel Partners, Nandan Nilekani,",Private Equity,10000000.0,,2017,5
791,2017-05-02,ZippServe,Consumer Internet,Real estate risk assessment platform,Bengaluru,undisclosed investors,Seed / Angel,390000.0,,2017,5
792,2017-05-03,Ola,Consumer Internet,Cab Aggregation App,Bengaluru,"Falcon Edge Capital, Capital Advisers",Private Equity,104500000.0,,2017,5
793,2017-05-03,Sumeru,Technology,Software & Mobile development services,Bengaluru,undisclosed investors,Seed / Angel,1000000.0,,2017,5
799,2017-05-05,Balance App,Consumer Internet,Money Savings & Management App,Bengaluru,Rainmatter,Seed / Angel,233000.0,,2017,5
800,2017-05-08,YepMe,E-Commerce,Private Label Fashion etailer,Gurugram,"Rainbow Digital Services Pvt. Ltd, ILearnFinance Academy Pvt. Ltd.",Private Equity,700000.0,,2017,5
803,2017-05-08,MyGreens,Food & Beverage,Cold-press Juices manufacturer,Delhi,"Ajay Relan, LetsVenture",Seed / Angel,1000000.0,,2017,5
804,2017-05-08,Ace Turtle,Technology,Omni-Channel Platform,Bengaluru,"Vertex Ventures, C31 Ventures",Private Equity,5000000.0,,2017,5
805,2017-05-08,CureFit,Technology,Health-Tech Platform,Bengaluru,"Trifecta Capital Advisors LLP, Prathithi Investment Trust, RNT Capital, Gokul Rajaram, Aditya Agarwal, Ruchi Sanghvi & others",Private Equity,3200000.0,,2017,5
806,2017-05-09,Curie Labs,Technology,Energy Analytics startup,Delhi,Satoshi Studios,Seed / Angel,50000.0,,2017,5
811,2017-05-10,Vidooly,Consumer Internet,Video Intelligence platform,Noida,"Times Internet, GVFL",Private Equity,1400000.0,,2017,5
812,2017-05-10,Shopclues,E-Commerce,Online marketplace,Gurugram,InnoVen Capital,Private Equity,7700000.0,,2017,5
813,2017-05-10,Fourth Ambit,Consumer Internet,Community Building platform,Bengaluru,1Crowd,Seed / Angel,600000.0,,2017,5
815,2017-05-11,Early Salary,Consumer Internet,Online lending platform,Pune,"DG Ventures India, Dewan Housing Finance Corp",Private Equity,4000000.0,,2017,5
818,2017-05-12,Legal Raasta,Consumer Internet,Legal Services to SMEs & Individuals,Delhi,Impanix Capital,Private Equity,5000000.0,,2017,5
820,2017-05-12,Remit Guru,Consumer Internet,Digital money transfer platform,Mumbai,"Infibeam, CCavenue",Private Equity,466000.0,,2017,5
821,2017-05-12,Aequm,E-Commerce,Cloud ECommerce platform,Bengaluru,undisclosed investors,Seed / Angel,1000000.0,,2017,5
822,2017-05-15,Zapty,Technology,Project Management tool,Bengaluru,IdeaSpring Capital,Seed / Angel,500000.0,,2017,5
825,2017-05-16,Telr,Technology,Online Payment Gateway,Mumbai,Innovations East,Private Equity,3000000.0,,2017,5
826,2017-05-16,Fynd,E-Commerce,Fashion ECommerce Portal,Mumbai,Rocketship,Private Equity,500000.0,,2017,5
827,2017-05-17,Genie,Consumer Internet,hyperlocal delivery and logistics mobile app,Chennai,undisclosed investors,Seed / Angel,250000.0,,2017,5
828,2017-05-17,Paysense,Consumer Internet,Online Lending platform,Mumbai,Jungle Ventures,Private Equity,5300000.0,,2017,5
829,2017-05-18,The Good Life,E-Commerce,Online Luxury Tea etailer,Mumbai,"Ayesha Takia Azmi, Abu Farhan Azmi",Seed / Angel,1000000.0,,2017,5
831,2017-05-18,Paytm,E-Commerce,Mobile Wallet & ECommerce platform,Bengaluru,SoftBank Group,Private Equity,1400000000.0,,2017,5
832,2017-05-19,EzCred,Consumer Internet,Consumer Lending Platform,Bengaluru,"Dheeraj Pandey, Rajesh Yohannan, Akash Garg",Seed / Angel,1000000.0,,2017,5
835,2017-05-22,Delhivery,Logistics,ECommerce Logistics provider,Delhi,Fosun International,Private Equity,30000000.0,,2017,5
836,2017-05-22,ZipGrid,Consumer Internet,"Cashless, paperless solutions for Housing societies",Mumbai,"JLL, 1Crowd",Seed / Angel,500000.0,,2017,5
838,2017-05-23,Magicpin,Consumer Internet,Hyperlocal discovery platform,Gurugram,"Lightspeed Venture Partners, Vy Capital,",Private Equity,6600000.0,,2017,5
840,2017-05-23,Box8,Consumer Internet,Food Delivery Platform,Mumbai,Trifecta Capital,Private Equity,1000000.0,,2017,5
841,2017-05-24,GenNext Students,Consumer Internet,Online Tutoring Services,Mumbai,Undisclosed Investors,Seed / Angel,580000.0,,2017,5
842,2017-05-25,Aye Finance,Finance,Non-Banking Financial Company,Gurugram,Blue Orchard,Private Equity,8000000.0,,2017,5
847,2017-05-29,Collateral Medical,E-Commerce,Online Medical equipment supplier,Mumbai,Carpediem Capital,Private Equity,3500000.0,,2017,5
850,2017-05-30,Supr Daily,Consumer Internet,Subscription based delivery platform,Mumbai,"Soma Capital, Great Oaks Ventures, 122 West Ventures",Private Equity,1500000.0,,2017,5
851,2017-05-30,Swiggy,Consumer Internet,Online food delivery platform,Bengaluru,"Nasper, Accel India, SAIF Partners, Bessemer Venture Partners, Harmony Partners, Norwest Venture Partners",Private Equity,80000000.0,,2017,5
852,2017-05-31,SastaSundar,E-Commerce,Online Pharmacy,Kolkata,Rohto Pharmaceutical,Private Equity,5000000.0,,2017,5
853,2017-05-31,Magicpin,Consumer Internet,Hyperlocal Discovery & Rewards platform,Gurugram,"Lightspeed India Partners, Waterbridge Ventures",Private Equity,7000000.0,,2017,5
854,2017-04-01,Cashe,Consumer Internet,Online & Mobile based Lending platform,Mumbai,"Mathew Cyriac, Florintree Advisors,",Private Equity,3800000.0,,2017,4
855,2017-04-03,Eruditus,Education,Executive Education Provider,Mumbai,Bertelsmann India,Private Equity,8200000.0,,2017,4
857,2017-04-03,Healthcare at Home,Healthcare,Home Healthcare Provider,Noida,Quadria Capital Advisors,Private Equity,40000000.0,,2017,4
860,2017-04-04,WayCool,Food & Beverage,Fresh-Produce Distribution Platform,Chennai,Aspada Investments,Private Equity,2700000.0,,2017,4
861,2017-04-04,Perfios,Technology,Fin-Tech Solutions,Bengaluru,Bessemer Venture Partners,Private Equity,6100000.0,,2017,4
862,2017-04-04,Whatfix,Technology,Interactive Tech-Support Guides,Bengaluru,"Stellaris Venture Partners, Helion Venture Partners, Powerhouse Ventures, Gokul Rajaram, Girish Mathrubootham, Aneesh Reddy, Vispi Daver",Private Equity,3690000.0,,2017,4
863,2017-04-04,ElastiRun,Technology,App based Logistics & Distribution platform,Pune,"Kalaari Capital, Norwest Venture Partners",Private Equity,7000000.0,,2017,4
864,2017-04-04,Trukky,Consumer Internet,Online Truck Aggregator & Booking platform,Ahmedabad,"Keyur Joshi, Pavan Bakeri",Seed / Angel,500000.0,,2017,4
865,2017-04-04,Konsult App,Consumer Internet,App based Doctor Consulting platform,Delhi,"Koen Bouwers, Lomesh Agarwal, Jeroen Mensen, Pablo van den Bosch & Others",Seed / Angel,500000.0,,2017,4
867,2017-04-05,Fingerlix,Consumer Internet,Food Delivery Platform,Mumbai,Zephyr Peacock India,Private Equity,3000000.0,,2017,4
869,2017-04-06,Medwell Ventures,Healthcare,Home-Based Healthcare provider,Bengaluru,"Mahindra Partners, Eight Roads Ventures, F-Prime Capital Partners",Private Equity,21000000.0,,2017,4
870,2017-04-06,Mech Mocha,Consumer Internet,Mobile gaming startup,Bengaluru,"Accel Partners, Shunwei Capital",Private Equity,5000000.0,,2017,4
874,2017-04-07,PharmEasy,E-Commerce,Online Pharmacy,Mumbai,"Bessemer Venture Partners, Orios Venture Partners, Trifecta Capital,",Private Equity,18000000.0,,2017,4
876,2017-04-08,FastFox,Consumer Internet,Online rental discovery platform,Gurugram,"Lightspeed India Partners, Blume Ventures, CyberAgent Ventures, GrowX Ventures, IMJ Investment Partners",Private Equity,4600000.0,,2017,4
877,2017-04-10,Omnify,Technology,SaaS platform for SMEs,Bengaluru,"Rajan Anandan, L.D Sharma, Saurabh Arora",Seed / Angel,150000.0,,2017,4
878,2017-04-10,Capital Float,Consumer Internet,Online Lending Platform for SME,Bengaluru,Mahindra and Mahindra Financial Services,Private Equity,2300000.0,,2017,4
879,2017-04-11,Ninjacart,E-Commerce,B2B agri-marketing platform,Bengaluru,"Accel Partners, Nandan Nilekanis NRJN Trust, Mistletoe, Qualcomm Ventures, M&S Partners",Private Equity,5500000.0,,2017,4
880,2017-04-11,MergerWare,Technology,Software solutions for M&As,Bengaluru,Philippe Bouchet,Seed / Angel,100000.0,,2017,4
882,2017-04-12,Clovia,E-Commerce,Online lingerie & Sleepwear etailer,Delhi,"Ivycap Ventures Advisors, Singularity Ventures and Ravi Dhariwal",Private Equity,4000000.0,,2017,4
883,2017-04-12,Emiza,Logistics,Third Party Logistics provider,Mumbai,"Mayfield, Nishant Rao, Dileep Nath",Private Equity,4500000.0,,2017,4
884,2017-04-12,HackerEarth,Consumer Internet,Online Skill Assessment Platform,Bengaluru,"DHI Group Inc, Prime Venture Partners, Beenext, Beenos, Digital Garage, BizReach",Private Equity,4500000.0,,2017,4
885,2017-04-12,Squadrun,Technology,Software-As-a-Service Platform,Noida,"Blume Ventures, Contrarian Capital, 91springboard, Emergent Ventures, Abstract Ventures, Anthill Ventures, Axilor Ventures",Private Equity,2100000.0,,2017,4
889,2017-04-13,WeAreHolidays,Consumer Internet,Travel Packages & Planner marketplace,Gurugram,"Urrshila Kerkar,",Private Equity,7700000.0,,2017,4
890,2017-04-14,Ola,Consumer Internet,Cab Aggregator App,Bengaluru,SIMI Pacific Pte,Private Equity,260000000.0,,2017,4
891,2017-04-15,Myly,Consumer Internet,Mobile App for Schools,Jaipur,mall Industries Development Bank of India (SIDBI),Seed / Angel,310000.0,,2017,4
892,2017-04-17,CrediHealth,Consumer Internet,Online Medical Assistance platform,Gurugram,"Tolaram Inc, Mountain Pine Capital",Private Equity,1500000.0,,2017,4
895,2017-04-17,Snackible,Food & Beverages,Healthy Snacks manufacturer,Mumbai,"Nibhrant Shah, Anandbir Singh, Anirudh Sheth, Pratik Singhi, Vikram Mehta, Murali Nair",Seed / Angel,175000.0,,2017,4
896,2017-04-17,Be U Salons,Consumer Internet,Online Salon discovery & Booking Services,Delhi,"Gaurav Kachru, Sundeep Singh Sahni, Jatin Aneja, Arun Malhotra",Seed / Angel,620000.0,,2017,4
898,2017-04-17,LendingKart,Consumer Internet,Lending platform for small businesses,Ahmedabad,Anicut Capital,Private Equity,4650000.0,,2017,4
899,2017-04-18,Innefu Security Consulting,Technology,Cyber Security solutions using AI,Delhi,IndiaNivesh Venture Capital Fund,Private Equity,2000000.0,,2017,4
900,2017-04-18,Whodat,Technology,Markerless AR platform,Bengaluru,Ideaspring Capital,Private Equity,600000.0,,2017,4
901,2017-04-18,Absentia VR,Technology,Virtual Reality Startup,Bengaluru,Exfinity Venture Partners,Private Equity,1250000.0,,2017,4
902,2017-04-19,IOTrek,Technology,IoT Platform for Bus,Delhi,Undisclosed Investor,Seed / Angel,155000.0,,2017,4
903,2017-04-20,HolaChef,Consumer Internet,Online Food Delivery,Mumbai,"SIDBI Venture Capital Ltd, Kalaari Capital",Private Equity,3000000.0,,2017,4
905,2017-04-21,Video Ken,Consumer Internet,Video Based Collaborative Learning,Bengaluru,"Ravi Garikipati, Surot Chatterjee, Ashish Agrawal, LG Chandrasekhar, Sashi Reddi",Seed / Angel,1000000.0,,2017,4
906,2017-04-24,Faasos,Food & Beverage,QSR chain and online food delivery,Pune,"Ligthbox Ventures II, Lightbox Expansion Fund, Sequoia Capital India, RuNet South Asia, RB Investments",Private Equity,6300000.0,,2017,4
907,2017-04-24,OYO,Consumer Internet,Branded Budget Hotels Aggregator,Gurugram,"SoftBank Vision Fund, Lightspeed Venture Partners, Sequoia Capital India Advisors, Greenoaks Capital Partners",Private Equity,250000000.0,,2017,4
908,2017-04-24,Toppr,Consumer Internet,Learning mobile app for students,Mumbai,WGG International,Private Equity,3200000.0,,2017,4
910,2017-04-25,The Office Pass,Consumer Internet,CoWorking Spaces booking platform,Gurugram,"Arun Tadanki, Aditya Verma",Seed / Angel,245000.0,,2017,4
911,2017-04-25,UrbanClap,Consumer Internet,Mobile Services Marketplace,Gurugram,Trifecta Capital,Private Equity,3100000.0,,2017,4
912,2017-04-26,Awfis,Consumer Internet,Collaborative co-Working Spaces,Mumbai,Sequoia India,Private Equity,20000000.0,,2017,4
914,2017-04-26,Flytxt,Technology,Customer data analytics software,Mumbai,DAH Beteiligungs GmbH,Private Equity,11000000.0,,2017,4
915,2017-04-26,Howdy Ventures,Consumer Internet,Public and Private Events creation app,Chennai,S. Xavier Britto,Seed / Angel,1500000.0,,2017,4
916,2017-04-26,StalkBuyLove,E-Commerce,Online fashion marketplace,Delhi,Trifecta Capital,Private Equity,1000000.0,,2017,4
918,2017-04-27,Scootsy,Consumer Internet,On-Demand Food Delivery,Mumbai,"Agnus Capital, Khattar Holdings",Private Equity,3600000.0,,2017,4
921,2017-04-27,iNurture,Consumer Internet,Online Educational courses,Bengaluru,BlackSoil Capital Pvt. Ltd,Private Equity,1500000.0,,2017,4
922,2017-04-28,Sepalika,Consumer Internet,Healthcare related content platform,Delhi,Accel Partners,Seed / Angel,750000.0,,2017,4
925,2017-03-01,Ola,Consumer Internet,App based cab aggregator,Bengaluru,SoftBank Group Corp,Private Equity,330000000.0,,2017,3
926,2017-03-01,Belong,Consumer Internet,Online Jon Portal,Bengaluru,Sequoia Capital India,Private Equity,10000000.0,,2017,3
929,2017-03-02,Celes Care,Consumer Internet,Women Healthcare & Information portal,Hyderabad,"Ventureast, Endiya Partners, Eight Roads Ventures, F-Prime Capital Partners",Private Equity,1500000.0,,2017,3
930,2017-03-02,Karomi,Technology,Packaging Artwork Management software,Chennai,Ideaspring Capital,Seed / Angel,500000.0,,2017,3
931,2017-03-02,Red Carpet,Consumer Internet,Micro Lending platform,Gurugram,Lightspeed Venture Partners,Private Equity,2500000.0,,2017,3
933,2017-03-02,CreditMantri,Consumer Internet,Online Credit score & lending platform,Chennai,Quona Capital,Private Equity,7600000.0,,2017,3
935,2017-03-03,Tydy,Technology,Employee Onboarding and Engagement platform,Bengaluru,"Bhupen Shah, Jayesh Parekh, Sanjay Sathe",Seed / Angel,275000.0,,2017,3
937,2017-03-03,Oho Shop,Technology,eCommerce Mobile App Builder,Ahmedabad,"Bennett, Coleman and Company Ltd",Private Equity,6700000.0,,2017,3
939,2017-03-03,Paytm,E-Commerce,ECommerce Marketplace,Bengaluru,Alibaba,Private Equity,200000000.0,,2017,3
940,2017-03-04,iGenetics,Healthcare,Health Diagnostic Solutions,Mumbai,CDC Group Plc,Private Equity,19500000.0,,2017,3
941,2017-03-06,Juno Clinic,Consumer Internet,Online Counseling Platform,Mumbai,Atul Nishar,Seed / Angel,1200000.0,,2017,3
942,2017-03-06,Summerlabel,Consumer Internet,Fashion and Lifestyle discovery platform,Gurugram,"Aneesh Seth, Tushar Mittal",Seed / Angel,150000.0,,2017,3
943,2017-03-06,PickMe,Consumer Internet,Gadget Insurance & Repair Services platform,Mumbai,SIDBI Venture Capital Fund,Private Equity,1790000.0,,2017,3
944,2017-03-07,Agrostar,Technology,Direct-to-Farmer Mobile-Based Retail platform,Pune,Accel Partners,Private Equity,10000000.0,,2017,3
945,2017-03-07,Zapr,Technology,"DSP, TV Analytics & Cross-Platform advertising",Bengaluru,Star India Pvt Ltd,Private Equity,10000000.0,,2017,3
946,2017-03-07,Data Resolve,Technology,Cyber Security Solutions,Noida,IDFC Parampara Early Stage Opportunities Fund,Private Equity,1000000.0,,2017,3
947,2017-03-07,Book Servicing,Consumer Internet,Online Vehicle Services Booking platform,Delhi,National Science and Technology Entrepreneurship Development Board,Seed / Angel,30000.0,,2017,3
948,2017-03-07,Blowhorn,Consumer Internet,Intra-City Logistics provider,Bengaluru,"IDG Ventures India, Michael & Susan Dell Foundation, Draper Associates, Unitus Seed Fund",Private Equity,3650000.0,,2017,3
949,2017-03-08,Rivigo,Logistics,Technology Enabled Logistics Company,Gurugram,Private Sector Banks (Debt Funding),Private Equity,15000000.0,,2017,3
950,2017-03-08,PipeCandy,Technology,Intelligent Sales Prospecting Platform,Chennai,"IDG ventures, Axilor Ventures, Emergent Ventures, Indian Angel Network",Seed / Angel,1100000.0,,2017,3
951,2017-03-08,Supr Daily,Consumer Internet,Subscription based Home Delivery Platform,Mumbai,Y Combinator,Seed / Angel,120000.0,,2017,3
953,2017-03-09,AppBrowzer,Consumer Internet,Instant Mobile Apps Store,Bengaluru,Deepak Gurnani,Seed / Angel,500000.0,,2017,3
954,2017-03-09,MagicBricks,Consumer Internet,Online Real Estate Portal,Mumbai,Times Internet Ltd,Private Equity,4500000.0,,2017,3
955,2017-03-10,PeeBuddy,Healthcare,Female Hygiene product manufacturer,Delhi,Indian Angel Network,Seed / Angel,443000.0,,2017,3
957,2017-03-10,Lavelle Networks,Technology,SDN Solutions,Bengaluru,Ideaspring Capital,Seed / Angel,600000.0,,2017,3
960,2017-03-15,LatestOne,E-Commerce,Tech Accessories e-tailer,Hyderabad,"Florintree, Mathew Cyriac, Chidambaram Palaniappan, Bharat Sheth",Private Equity,3350000.0,,2017,3
961,2017-03-15,Frapperz,Consumer Internet,On-demand home services provider,Kolkata,Undisclosed Investor,Seed / Angel,100000.0,,2017,3
962,2017-03-16,mPaani,Consumer Internet,Loyalty rewards app,Mumbai,"IDG Ventures, Blume Ventures, Saha Fund,",Private Equity,1350000.0,,2017,3
964,2017-03-16,POPxo,Consumer Internet,Digital Media publication for women,Delhi,"GREE Ventures, Kalaari Capital and IDG Ventures India, Summit Media, Atul Goel, and Gurpreet Singh",Private Equity,3100000.0,,2017,3
965,2017-03-16,Fitso,Consumer Internet,Fitness Mobile App,Gurugram,"Sujeet Kumar, Bhupender Singh, Yashish Dhaiya",Seed / Angel,200000.0,,2017,3
967,2017-03-21,Flipkart,E-Commerce,ECommerce Marketplace,Bengaluru,"Microsoft, eBay, Tencent Holdings",Private Equity,1400000000.0,,2017,3
968,2017-03-21,Airpay,Technology,Online payment Gateway,Mumbai,"Kalaari Capital, Rakesh and Rajesh Jhunjhunwala",Private Equity,3670000.0,,2017,3
969,2017-03-21,MyGlamm,Consumer Internet,On-Demand Beauty Services,Mumbai,LOccitane,Private Equity,5300000.0,,2017,3
971,2017-03-22,Haqdarshak,Consumer Internet,Tech-Enabled Social Enterprise,Bengaluru,"Ravi Saxena, Sandeep Raju,",Seed / Angel,191000.0,,2017,3
972,2017-03-23,Ixigo,Consumer Internet,Online Travel Search Engine,Gurugram,"Sequoia Capital, Kinzon Capital",Private Equity,15000000.0,,2017,3
973,2017-03-23,Markets and Markets,Technology,Marketing Research Company,Pune,"FTV Capital, Zodius Capital",Private Equity,56000000.0,,2017,3
974,2017-03-24,Bizom,Technology,supply chain automation platform,Bengaluru,Ojas Ventures,Seed / Angel,382000.0,,2017,3
976,2017-03-24,Delhivery,Technology,Tech enabled Fulfilment & Logistics Solutions,Delhi,"Carlyle Group, Tiger Global",Private Equity,100000000.0,,2017,3
978,2017-03-28,Fynd,E-Commerce,Online fashion marketplace,Mumbai,Venture Catalysts,Private Equity,500000.0,,2017,3
980,2017-03-28,DoneThing,Consumer Internet,On-demand Personal Assistant service,Gurugram,Brand Capital,Private Equity,300000.0,,2017,3
982,2017-03-29,Ithaka,Consumer Internet,Vacation Trip Planning platform,Mumbai,"Ankit Gupta, Puneet Motihar",Seed / Angel,325000.0,,2017,3
983,2017-03-29,perpule,E-Commerce,Self-Checkout ECommerce App,Bengaluru,KStart Capital,Seed / Angel,650000.0,,2017,3
985,2017-03-29,Licious,E-Commerce,Online Meat Ordering platform,Bengaluru,"Mayfield India, 3one4 Capital, Sistema Asia Fund, Neoplux Technology Fund",Private Equity,10000000.0,,2017,3
986,2017-03-29,Medinfi,Consumer Internet,Doctor & Hospital search Platform,Bengaluru,"Vinod Martin, Hemant Kaul, Prof. Ram Kumar Kakani & Others",Seed / Angel,50000.0,,2017,3
990,2017-03-31,Jhakaas,Consumer Internet,Offline Business Aggregator App,Mumbai,"Malini Patel, Stelcore Management Services, Anjani Prasad",Seed / Angel,155000.0,,2017,3
991,2017-03-31,Oriano Solar,Technology,Turnkey Solar Solutions,Mumbai,Samridhi Fund,Private Equity,3000000.0,,2017,3
992,2017-03-31,BigBasket,E-Commerce,Online Grocer,Bengaluru,Trifecta Capital,Private Equity,7000000.0,,2017,3
995,2017-03-31,Icertis,Technology,ERP solutions provider,Pune,"B Capital Group, Ignition Partners, Greycroft, e.ventures, Eight Roads Ventures",Private Equity,25000000.0,,2017,3
998,2017-02-06,Capital Float,Consumer Internet,Online lending platform,Bengaluru,IFMR Capital Finance,Private Equity,2500000.0,,2017,2
1000,2017-02-07,Inner Hour,Consumer Internet,Online Counselling Platform,Mumbai,"Batlivala & Karani Securities, Venture Works",Seed / Angel,450000.0,,2017,2
1001,2017-02-07,Travel Triangle,Consumer Internet,Online travel agent marketplace,Noida,"RB Investments, SAIF Partners, Bessemer Venture Partners",Private Equity,10000000.0,,2017,2
1002,2017-02-08,Wandertrails,Consumer Internet,"Online Travel, Adventure & Activities Portal",Bengaluru,Earlsfield Capital,Seed / Angel,1000000.0,,2017,2
1003,2017-02-08,Zenatix,Technology,IoT Based Energy Monitoring & Control,Gurugram,"pi Ventures, Blume Ventures",Private Equity,1200000.0,,2017,2
1004,2017-02-08,Cartrade,Consumer Internet,Automobile Classifieds Portal,Mumbai,Temasek Holdings,Private Equity,55000000.0,,2017,2
1006,2017-02-08,Edurev,Consumer Internet,Online Education Portal,Gurugram,Facebook FB Start programme,Seed / Angel,40000.0,,2017,2
1007,2017-02-09,Voonik,E-Commerce,Women Apparel & Lifestyle etailer,Bengaluru,"RB Investments, Sequoia Capital",Private Equity,6000000.0,,2017,2
1009,2017-02-09,Wooplr,E-Commerce,Women Fashion Portal,Bengaluru,"Sistema Asia Fund, Amereus Group, Helion Ventures",Private Equity,8000000.0,,2017,2
1010,2017-02-10,48East,E-Commerce,Online Food Delivery Platform,Bengaluru,Al Dhaheri family,Private Equity,500000.0,,2017,2
1012,2017-02-13,Sigtuple,Technology,Medical Automation platform,Bengaluru,"Accel Partners, IDG Ventures, Endiya Partners, pi Ventures, VH Capital, Axilor Partners",Private Equity,5800000.0,,2017,2
1013,2017-02-13,Flutura,Technology,Decision Sciences Analytics Solutions,Bengaluru,"Vertex Ventures, Lumis Partners",Private Equity,7500000.0,,2017,2
1014,2017-02-13,Wassup,Consumer Internet,On Demand Laundry & Dry Cleaning Services,Chennai,Anil Jain & other HNIs,Private Equity,3200000.0,,2017,2
1015,2017-02-13,Better Mortgage,Consumer Internet,Mortgage Offering Platform,Gurugram,"Kleiner Perkins, Goldman Sachs, Pine Brook",Private Equity,15000000.0,,2017,2
1016,2017-02-13,Nurturey,Consumer Internet,Parenting Mobile App,Delhi,Mohit Joshi & Others,Seed / Angel,330000.0,,2017,2
1017,2017-02-13,Fyle,Technology,Expense Management Solution,Bengaluru,Pravega Ventures,Seed / Angel,400000.0,,2017,2
1018,2017-02-14,GoBumpr,Consumer Internet,Online Bike & Car Services provider,Chennai,"Mahalingam K, Girish Mathrubootham",Seed / Angel,300000.0,,2017,2
1019,2017-02-14,CCAvenue,Consumer Internet,Online Payment Gateway,Mumbai,Infibeam,Private Equity,22400000.0,,2017,2
1022,2017-02-15,ZestMoney,Consumer Internet,Online Consumer Lending platform,Bengaluru,"PayU, Ribbit Capital, Omidyar Network",Private Equity,6500000.0,,2017,2
1023,2017-02-15,AirZaar,Technology,Drone operations management platform,Missourie,Quake Capital,Seed / Angel,350000.0,,2017,2
1024,2017-02-16,Truebil,Consumer Internet,Online Marketplace for Used Cars,Mumbai,Shunwei Capital,Private Equity,3000000.0,,2017,2
1025,2017-02-16,YourStory,Consumer Internet,Online Media,Bengaluru,"Kalaari Capital Partners, Qualcomm, 3ONE4 Capital Advisors, UC-RNT",Private Equity,3000000.0,,2017,2
1026,2017-02-17,Imaginate,Technology,AR & VR platform,Hyderabad,SRI Capital,Seed / Angel,500000.0,,2017,2
1027,2017-02-17,The Ken,Consumer Internet,Online Media Platform,Bengaluru,"Aprameya Radhakrishna, Deepak Natraj, Girish Mathrubootham, Mahesh Murthy, Pallav Nadhani, Pavan Ongole, Sandeep Mathur, Vijay Shekhar Sharma & Others",Seed / Angel,400000.0,,2017,2
1028,2017-02-17,Urban Ladder,E-Commerce,Online Furniture Store,Bengaluru,"Kalaari Capital, SAIF Partners, Steadview Capital, Sequoia Capital",Private Equity,15200000.0,,2017,2
1031,2017-02-17,Leopetra,E-Commerce,Solution provider for pet needs,Mumbai,Facebook FBStart,Seed / Angel,40000.0,,2017,2
1032,2017-02-18,Blood n Care,Consumer Internet,First Aid care app,Gurugram,Facebook FBStart,Seed / Angel,40000.0,,2017,2
1033,2017-02-20,Flipkart,E-Commerce,Online Marketplace,Bengaluru,"Bennett, Coleman and Co. Ltd (BCCL)",Private Equity,38700000.0,,2017,2
1034,2017-02-21,True Balance,Consumer Internet,Mobile balance Checking App,Gurugram,"Softbank Ventures Korea, IMM Investment",Private Equity,15000000.0,,2017,2
1035,2017-02-22,Vebbler,Consumer Internet,Photo Sharing for Groups,Bengaluru,Facebook FBStart,Seed / Angel,40000.0,,2017,2
1036,2017-02-23,Get My Parking,Consumer Internet,Smart Parking Platform,Delhi,"Indian Angel Network (IAN), BEENEXT, The Chennai Angels, Sunil Munjal",Private Equity,1100000.0,,2017,2
1040,2017-02-27,Biryani By Kilo,Consumer Internet,Online Food Ordering & Delivery Portal,Gurugram,"Chandigarh Angels, Ashish Gupta, Rohit, Ashish Chand, Sunil Singh & Others",Seed / Angel,375000.0,,2017,2
1041,2017-02-27,Johari Shop,E-Commerce,Online Jewellery etailer,Bengaluru,Undisclosed Investors,Seed / Angel,94000.0,,2017,2
1042,2017-02-28,NeoStencil,Consumer Internet,Live Online Coaching Classes,Delhi,"Brand Capital, Paragon Trust",Private Equity,1000000.0,,2017,2
1043,2017-02-28,Blackbuck,Logistics,Online freight aggregator,Bengaluru,"Sands Capital, IFC, Accel Partners, Flipkart, Sanjiv Rangrass",Private Equity,70000000.0,,2017,2
1044,2017-01-02,TaxSutra,Consumer Internet,Online Tax Filing platform,Pune,"TV Mohandas Pai, V Balakrishnan, PV Srinivasan",Seed / Angel,366000.0,,2017,1
1045,2017-01-03,TempoGo,Technology,IoT & SAAS Solutions for Transportation Industry,Panaji,K2 Capital,Seed / Angel,825000.0,,2017,1
1051,2017-01-06,Leap India,Logistics,Supply Chain Solutions Provider,Mumbai,"India Nivesh Growth Fund, Sixth Sense, TCI Ventures",Private Equity,13000000.0,,2017,1
1052,2017-01-07,FreeCharge,Consumer Internet,Mobile Wallet,Mumbai,Jasper Infotech Pvt Ltd,Private Equity,57000000.0,,2017,1
1053,2017-01-09,TicketNew,Consumer Internet,Movie Ticket Booking platform,Chennai,Alibaba Pictures,Private Equity,35000000.0,,2017,1
1054,2017-01-10,Intelligence Node,Technology,SAAS Based Retail Analytics Solutions,Mumbai,BlackSoil Capital Pvt Ltd,Private Equity,800000.0,,2017,1
1055,2017-01-10,Securens,Technology,e-surveillance services provider,Mumbai,"Mayfield India, Trifecta Capital",Private Equity,5000000.0,,2017,1
1056,2017-01-10,Loan Frame,Consumer Internet,Small Business Loans Marketplace platform,Gurugram,"Vedanta Capital, William Campbell, Toos N Daruvala",Private Equity,2250000.0,,2017,1
1058,2017-01-10,Medinfi,Consumer Internet,Doctor & Clinic Discovery portal,Bengaluru,"Vinod Martin, Evan Lim, Kanchan Ghoshal, Ram Kumar Kakani",Seed / Angel,100000.0,,2017,1
1059,2017-01-10,LensKart,E-Commerce,Online eyewear retailer,Bengaluru,Ronnie Screwvala,Private Equity,3500000.0,,2017,1
1061,2017-01-12,Hansel.io,Consumer Internet,Real-time Mobile App Management Platform,Bengaluru,"IDG Ventures, Endiya Partners",Private Equity,1350000.0,,2017,1
1062,2017-01-12,Square Yards,Consumer Internet,Property Search Aggregator platform,Gurugram,"Lohia Group, Andre Hoffman",Private Equity,10000000.0,,2017,1
1063,2017-01-13,Roambee,Technology,IoT smart Logistics and Asset Management Company,Mumbai,Deutsche Telekom Strategic Investments & Others,Private Equity,4100000.0,,2017,1
1065,2017-01-13,iService,Consumer Internet,Gadgets Repair & Service Booking platform,Bengaluru,"Blume Ventures, Girish Mathrubootham, Aprameya Radhakrishna",Seed / Angel,440000.0,,2017,1
1066,2017-01-14,Unacademy,Consumer Internet,Online learning platform,Bengaluru,"Nexus Venture Partners, Blume Ventures",Private Equity,4500000.0,,2017,1
1069,2017-01-16,ZoloStays,Consumer Internet,Branded PG Accomodation booking platform,Bengaluru,"Nexus Venture Partners, Innoven Capital",Private Equity,5000000.0,,2017,1
1071,2017-01-16,HipCouch,Consumer Internet,Custom & Modular Furniture platform,Mumbai,Undisclosed Investors,Seed / Angel,700000.0,,2017,1
1072,2017-01-17,Curiositi,Consumer Internet,Online Learning Platform,Bengaluru,"Menterra Social Impact Fund, Unitus Seed Fund",Private Equity,800000.0,,2017,1
1073,2017-01-17,TinyStep,Consumer Internet,Parenting Info & Social Network,Bengaluru,Flipkart,Private Equity,2000000.0,,2017,1
1074,2017-01-17,Practo,Consumer Internet,Online Healthcare platform,Bengaluru,"Tencent, ru-Net, RSI Fund, Thrive Capital",Private Equity,55000000.0,,2017,1
1075,2017-01-17,Ketchupp,Consumer Internet,Food Discovery Platform,Delhi,India Quotient and others,Seed / Angel,441000.0,,2017,1
1076,2017-01-17,Hoopy,Consumer Internet,Online Car Service Platform,Gwalior,undisclosed investors,Seed / Angel,500000.0,,2017,1
1077,2017-01-17,Ezytruk,Consumer Internet,Logistics and truck aggregator platform,Bengaluru,"Ajith Nair, Anish K",Seed / Angel,147000.0,,2017,1
1080,2017-01-18,Vahdam Teas,E-Commerce,Online Tea etailer,Delhi,"Mumbai Angels Network, Fireside Ventures, Singapore Angel Network",Seed / Angel,650000.0,,2017,1
1081,2017-01-18,Qwikspec,Technology,Cloud-based construction,Bengaluru,Undisclosed Investors,Seed / Angel,300000.0,,2017,1
1083,2017-01-19,Weddingz.in,Consumer Internet,Online Marketplace for Wedding Venues and vendors,Mumbai,Singularity Ventures,Private Equity,1000000.0,,2017,1
1090,2017-01-22,MessaGif,Consumer Internet,social messaging platform,Delhi,Undisclosed investor,Seed / Angel,50000.0,,2017,1
1093,2017-01-23,CueMath,Technology,Maths Learning program,Delhi,"CapitalG, Sequoia India",Private Equity,15000000.0,,2017,1
1096,2017-01-24,Khel Now,Consumer Internet,Mobile-based Social Platform for Sports,Bengaluru,Indochine International,Private Equity,500000.0,,2017,1
1097,2017-01-24,NowFloats,Consumer Internet,Platform to take businesses online,Hyderabad,"Iron Pillar and IIFL, Blume Ventures, Omidyar Network",Private Equity,10000000.0,,2017,1
1098,2017-01-24,Lets Transport,Consumer Internet,Online transport vehicle booking platform,Bengaluru,"GMO Japan, Neelesh Bhatnagar",Private Equity,4000000.0,,2017,1
1101,2017-01-25,RML Agtech,Technology,Agri Decision Support Solution for farmers,Pune,IvyCap Ventures,Private Equity,4000000.0,,2017,1
1103,2017-01-25,InstaSafe,Technology,Security-as-a-Service solution provider,Bengaluru,ABM Knowledgeware,Private Equity,2200000.0,,2017,1
1104,2017-01-25,Infibeam,E-Commerce,eCommerce Marketplace,Ahmedabad,"Bennett, Coleman and Company Ltd",Private Equity,8800000.0,,2017,1
1106,2017-01-26,AirMed Labs,Consumer Internet,Health Tests Booking platform & ePharmacy,Ahmedabad,Brand Capital,Private Equity,1400000.0,,2017,1
1107,2017-01-26,99PerHour,Consumer Internet,Hyper-local Handyman Service provider,Chennai,V Aanand R,Seed / Angel,300000.0,,2017,1
1109,2017-01-30,Intuit Things,Technology,IoT solutions for home automation applications,Mumbai,Sanjay Mehta & Others ( The Ten Minute Million),Seed / Angel,106000.0,,2017,1
1110,2017-01-30,Cloudrino,Technology,Cloud based Virtual Servers,Delhi,The Ten Minute Million,Seed / Angel,22500.0,,2017,1
1111,2017-01-30,FabX,E-Commerce,Used Furniture Marketplace,Mumbai,The Ten Minute Million,Seed / Angel,68000.0,,2017,1
1112,2017-01-30,Maptags,Consumer Internet,Smart Online address tags,Bengaluru,The Ten Minute Million,Seed / Angel,18000.0,,2017,1
1114,2017-01-31,Heads Up For Tails,E-Commerce,Online Pet Products Store,Delhi,Undisclosed Investors,Private Equity,2000000.0,,2017,1
1116,2016-12-01,SidQam,Technology,Healthcare Software System,Noida,"SQue Capital, Grace Capital Ventures, Soham Vencaps",Private Equity,1200000.0,,2016,12
1117,2016-12-01,India Lends,Consumer Internet,Online Instant personal Loan provider,Delhi,"DSG Consumer Partners, American Express Ventures, Cyber Carrier VC, AdvantEdge Partners",Private Equity,4000000.0,,2016,12
1118,2016-12-01,Slide App,Consumer Internet,Lock screen Rewards mobile app,Delhi,Songhyun Investment,Private Equity,3600000.0,,2016,12
1119,2016-12-02,Badiyajobs,Consumer Internet,Entry-Level job Seekers platform,Delhi,Undisclosed,Seed / Angel,100000.0,,2016,12
1121,2016-12-02,TYGR,Technology,Transport and logistics mobile App,Mumbai,Franchise India,Private Equity,3000000.0,,2016,12
1123,2016-12-05,UrDoorStep,E-Commerce,Online Grocery Store,Bengaluru,Lakshmi Vilas Bank & undisclosed HNIs,Private Equity,1400000.0,,2016,12
1125,2016-12-06,Diro Labs,Consumer Internet,Mobile Contacts Management app,Delhi,Info Edge (India),Seed / Angel,147000.0,,2016,12
1131,2016-12-07,Revv,Consumer Internet,Self-Driven Car Services booking portal,Delhi,Edelweiss Private Equity,Private Equity,9000000.0,,2016,12
1132,2016-12-07,WealthApp,Consumer Internet,Online Investment Advisory platform,Bengaluru,"Venk Krishnan, MJ Aravind, Vikram Kotak, Jayant Davar, Ramkumar Nishtal, Arjun Sharmaa",Seed / Angel,440000.0,,2016,12
1134,2016-12-08,Zest Money,Consumer Internet,Online Consumer Lending platform,Mumbai,PayU,Private Equity,6500000.0,,2016,12
1135,2016-12-08,GoMechanic,Consumer Internet,Online Car servicing Booking platform,Gurugram,Venture Catalysts,Seed / Angel,250000.0,,2016,12
1136,2016-12-09,Stalk Buy Love,E-Commerce,Fashion Apparel eTailer,Delhi,Kalaari Capital,Private Equity,6000000.0,,2016,12
1138,2016-12-09,Wittyparot,Technology,Content Management & Productivity platform,Bengaluru,Mumbai Angels,Seed / Angel,450000.0,,2016,12
1139,2016-12-09,NeuroEquilibrium,Technology,Health-Tech platform,Jaipur,Unicorn India Ventures,Seed / Angel,250000.0,,2016,12
1140,2016-12-12,Xseed Education,Technology,Education & learning Tech platform,Bengaluru,Verlinvest SA,Private Equity,10000000.0,,2016,12
1141,2016-12-12,Rupaiya Exchange,Consumer Internet,P2P Lending platform,Delhi,Undisclosed Investors,Seed / Angel,200000.0,,2016,12
1142,2016-12-12,Doctor Insta,Consumer Internet,Online Doctor Consulting platform,Gurugram,RoundGlass Partners,Private Equity,2000000.0,,2016,12
1144,2016-12-12,Fresh Food Concepts,Food & Beverage,Cold Press Juice manufacturer & seller,Delhi,"Siddhartha Gupta, Ashvin Chadha",Seed / Angel,2000000.0,,2016,12
1145,2016-12-13,Indifi,Consumer Internet,Online lending platform,Gurugram,Omidyar Network,Private Equity,10000000.0,,2016,12
1147,2016-12-13,OfBusiness,E-Commerce,Online business-to-business (B2B) marketplace,Gurugram,"Zodius Technology Opportunities Fund, Matrix Partners",Private Equity,11100000.0,,2016,12
1149,2016-12-14,Qacco,Consumer Internet,Hotel Booking platform,Gurugram,"Lead Angels Network, Anbu Pandian, Prabhakar MR & Others",Seed / Angel,150000.0,,2016,12
1150,2016-12-14,Fitpass,Consumer Internet,Fitness center aggregator & Booking mobile app,Delhi,Mumbai Angels,Seed / Angel,1000000.0,,2016,12
1153,2016-12-14,Trading Bells,Consumer Internet,Online Share & Commodity Broking platform,Indore,Swastika Investmart Ltd,Seed / Angel,297000.0,,2016,12
1154,2016-12-15,SERVD,Consumer Internet,Financial Services For Unorganized Workforce,Pune,Digital Financial Service Lab,Seed / Angel,100000.0,,2016,12
1155,2016-12-15,IdeaForge,Technology,Drone Manufacturing,Mumbai,"WRV Capital and IndusAge Partners, Infosys Innovation Fund",Private Equity,10000000.0,,2016,12
1156,2016-12-15,Amagi Media Labs,Technology,Media Technology Solutions,Mumbai,"Emerald Media, Premji Invest",Private Equity,35000000.0,,2016,12
1157,2016-12-15,Pocket Aces,Technology,Digital Entertainment Company,Mumbai,"Sequoia Capital India, North Base Media, Aarin Capital, 3one4 Capital, Axilor Ventures, Kunal Shah, Sandeep Tandon",Private Equity,3000000.0,,2016,12
1158,2016-12-16,Pi Data Centers,Technology,Cloud Data Center Solutions provider,Hyderabad,Epsilon Venture Partners,Private Equity,23000000.0,,2016,12
1159,2016-12-16,TripShelf,Consumer Internet,Holiday Packages provider,Delhi,"GEMS Advisory, Quarizon",Seed / Angel,123000.0,,2016,12
1161,2016-12-19,NoBroker,Consumer Internet,Rental property search portal,Bengaluru,"KTB Network, SAIF Partners, BEENEXT, Digital Garage",Private Equity,7400000.0,,2016,12
1162,2016-12-20,VivoCarat,E-Commerce,Online jewellery marketplace,Mumbai,Undisclosed Investors,Seed / Angel,50000.0,,2016,12
1165,2016-12-20,BYJUs,Consumer Internet,Online Learning platform,Bengaluru,International Financial Corporation,Private Equity,15000000.0,,2016,12
1167,2016-12-21,The BlueBook,Consumer Internet,online to offline marketing platform,Bengaluru,"Indian Angel Network, Lets Venture",Seed / Angel,500000.0,,2016,12
1169,2016-12-21,Vegetall,E-Commerce,Online Vegetable eTailer,Chennai,The Chennai Angels,Seed / Angel,162000.0,,2016,12
1171,2016-12-22,Mindler,Consumer Internet,Career Planning & Assessment platform,Delhi,Taxmann,Seed / Angel,324000.0,,2016,12
1172,2016-12-22,MCaffeine,E-Commerce,Personal care product etailer,Bengaluru,"Kaushal Agarwal, Harminder Sahani, KK Mehra, Pranay Jivrajka, Navjot Saini",Seed / Angel,300000.0,,2016,12
1173,2016-12-23,enKast,Technology,Cloud based CRM for Agencies,Bengaluru,Ivy League Alumni Angel Network,Private Equity,2000000.0,,2016,12
1180,2016-12-26,Dekkho,Consumer Internet,Video Streaming platform,Mumbai,undisclosed investors,Seed / Angel,1200000.0,,2016,12
1181,2016-12-26,Shadowfox,Logistics,On-Demand Delivery Service,Gurugram,Eight Roads Ventures,Private Equity,10000000.0,,2016,12
1182,2016-12-27,ShopX,E-Commerce,SAAS ECommerce Retail app,Bengaluru,Nandan Nilekani,Private Equity,5000000.0,,2016,12
1184,2016-12-29,Healthifyme,Consumer Internet,Fitness Mobile App,Bengaluru,NB Ventures,Private Equity,1000000.0,,2016,12
1188,2016-11-01,PickMyLaundry,Consumer Internet,On-Demand Washing & Dry Cleaning Services,Delhi,"Kedar Lele, GHV Accelerator",Seed / Angel,200000.0,,2016,11
1189,2016-11-02,FreshDesk,Consumer Internet,SAAS Based HelpDesk Services,Chennai,"Sequoia Capital India, Accel Partners",Private Equity,55000000.0,,2016,11
1190,2016-11-02,LaundryAnna,Consumer Internet,On-Demand Washing & Dry Cleaning Services,Bengaluru,Undisclosed Investors,Seed / Angel,150000.0,,2016,11
1193,2016-11-03,Zarget,Technology,SaaS-based web optimisation and marketing platform,Chennai,Sequoia India,Private Equity,6000000.0,,2016,11
1195,2016-11-03,EasyPolicy,Consumer Internet,Online insurance Portal,Noida,"Unilazer Ventures,",Private Equity,10000000.0,,2016,11
1197,2016-11-04,Connect India,Logistics,Last mile Delivery Network,Bengaluru,Aavishkaar Venture Management,Private Equity,1000000.0,,2016,11
1198,2016-11-04,Corseco,Technology,AI-based Software as a Service Solution provider,Delhi,"Ameera Shah, Vivek Bhargava",Seed / Angel,150000.0,,2016,11
1201,2016-11-05,Medzin,E-Commerce,Online ordering & Delivery of medicines,Delhi,A M Sikander,Seed / Angel,45000.0,,2016,11
1202,2016-11-05,Bizongo,E-Commerce,Packaging Material Marketplace,Mumbai,"IDG Ventures, Accel Partners",Private Equity,3000000.0,,2016,11
1203,2016-11-07,Rivigo,Technology,Technology based Logistics platform,Gurugram,Warburg Pincus,Private Equity,75000000.0,,2016,11
1204,2016-11-07,JustRide,Consumer Internet,Online Car Sharing platform,Mumbai,"Justin Kan, Qasar Younis, Paul Bucche, Susa Ventures, Kima Ventures, Axan Venture, SCM Holdings",Private Equity,3000000.0,,2016,11
1205,2016-11-09,IIM Jobs,Consumer Internet,Online Job Portal,Delhi,India Quotient,Private Equity,2000000.0,,2016,11
1206,2016-11-09,Square Yards,Consumer Internet,Online Property Search Portal,Gurugram,ADAG Reliance Private Equity,Private Equity,12000000.0,,2016,11
1207,2016-11-10,GolfLAN,Consumer Internet,Golf Session Online Bookings platform,Delhi,"YourNest Angel Fund, iSON",Private Equity,1000000.0,,2016,11
1211,2016-11-14,Active.ai,Technology,Banking & Fintech Platform,Singapore,"Kalaari Capital, IDG Ventures India",Private Equity,3000000.0,,2016,11
1212,2016-11-14,ElasticRun,Technology,Tech driven Logistic & distribution platform,Pune,"Kalaari Capital, Norwest Venture Partners",Private Equity,2000000.0,,2016,11
1214,2016-11-15,Zefo,E-Commerce,Used Furniture & Appliances Marketplace,Bengaluru,"Sequoia India, BEENEXT, Helion Ventures",Private Equity,6000000.0,,2016,11
1215,2016-11-15,PlaySimple,Technology,Mobile Gaming portal,Bengaluru,"SAIF Partners, IDG Ventures India",Private Equity,4000000.0,,2016,11
1216,2016-11-16,Stasis Labs,Technology,Cloud based health monitoring platform,Bengaluru,"RTP-HC, Wonder Ventures, Techstars Ventures & Others",Private Equity,5000000.0,,2016,11
1218,2016-11-17,Koovs,E-Commerce,Fashion eTailer,Delhi,Times of India Group & Existing investors,Private Equity,13500000.0,,2016,11
1221,2016-11-17,Pictor Imaging,Consumer Internet,Product Photography Mobile App,Mumbai,Quarizon,Seed / Angel,147000.0,,2016,11
1222,2016-11-18,GramCover,Finance,Insurance Marketplace for the Rural Sector,Delhi,Omnivore Capital,Seed / Angel,1000000.0,,2016,11
1225,2016-11-21,Bats on delivery,Consumer Internet,"Online food, Grocery ordering & Delivery",Gurugram,Devdeep Singh,Seed / Angel,90000.0,,2016,11
1226,2016-11-21,numberz.in,Technology,Cash Flow Management Solution for Businesses,Gurugram,"Kae Capital, Khosla Impact",Seed / Angel,650000.0,,2016,11
1227,2016-11-22,Housing.com,Consumer Internet,Real Estate Portal,Mumbai,Softbank Group,Private Equity,5000000.0,,2016,11
1228,2016-11-22,Awesummly,Consumer Internet,Short News Mobile App,Bengaluru,"Vivek Bhargava, Ameera Shah",Seed / Angel,147000.0,,2016,11
1230,2016-11-22,Vymo,Technology,SaaS-based predictive analytics platform,Bengaluru,Sequoia India,Private Equity,5000000.0,,2016,11
1232,2016-11-22,Noddapp,Consumer Internet,App based networking platform,Mumbai,Undisclosed multiple investors,Seed / Angel,147000.0,,2016,11
1233,2016-11-23,Knowlarity,Consumer Internet,Cloud Telephony Platform,Bengaluru,"Delta Partners, Sequoia India, Mayfield, Blacksoil, Trifecta Capital",Private Equity,20000000.0,,2016,11
1234,2016-11-23,Infisecure,Technology,Bot Protection Solutions,Mumbai,"IDG Ventures, Axilor Ventures",Seed / Angel,600000.0,,2016,11
1235,2016-11-23,Udaan,E-Commerce,B2B Marketplace,Bengaluru,"Lightspeed Venture Partners India, Lightspeed US",Private Equity,10000000.0,,2016,11
1238,2016-11-24,ShareChat,Consumer Internet,Local Language Social Networking Platform,Mumbai,"Lightspeed India Partners, SAIF Partners, India Quotient, Venture Highway",Private Equity,4000000.0,,2016,11
1245,2016-11-28,Kloseby,Consumer Internet,proximity based Rewards platform,Bengaluru,Undisclosed Investor,Seed / Angel,100000.0,,2016,11
1246,2016-11-28,WholeSaleBox,E-Commerce,B2B Wholesale Apparel Marketplace,Jaipur,"Manish Maheshwari, Contrarian Vriddhi Fund",Private Equity,2000000.0,,2016,11
1248,2016-11-29,Affordplan,Consumer Internet,Savings platform for Medical Expenses,Delhi,"Prime Venture Partners, Kalaari Capital",Private Equity,3000000.0,,2016,11
1249,2016-11-30,HandyTrain,Consumer Internet,Mobile App for SAAS based Training,Goa,"Silver Range Investments, Lumina Datamatics, Shun Yoshida & Others",Private Equity,1000000.0,,2016,11
1250,2016-11-30,ShopsUp,E-Commerce,Hyperlocal Shopping App,Bengaluru,"Anand Sankeshwar, Yang Shu",Seed / Angel,963000.0,,2016,11
1251,2016-11-30,Indofash,E-Commerce,Ethnic Indian Fashion Marketplace,Bengaluru,"Shekhar Sahu, Nitesh Pant",Seed / Angel,150000.0,,2016,11
1252,2016-11-30,Entropika,Technology,"AI, Machine learning Solutions",Bengaluru,"Dileep Bhatt, Milind Chaudhary",Seed / Angel,200000.0,,2016,11
1253,2016-11-30,MarianaIQ,Technology,AI-driven B2B marketing platform,Bengaluru,Exfinity Venture Partners,Private Equity,2000000.0,,2016,11
1254,2016-11-30,Chai Thela,Food & Beverage,Quick Service Restaurants,Noida,Quarizon,Seed / Angel,218000.0,,2016,11
1255,2016-11-30,Interviewpad,Technology,Engineering Interview facilitation platform,Pune,Krishna Rokhale,Seed / Angel,100000.0,,2016,11
1256,2016-11-30,Math Buddy,Consumer Internet,Online Math Learn,Vadodara,Menterra Social Impact Fund,Seed / Angel,440000.0,,2016,11
1257,2016-11-30,Pulse,Consumer Internet,Campus Social Networking App,Bengaluru,SAIF Partners,Private Equity,500000.0,,2016,11
1259,2016-11-30,Carcrew.in,Consumer Internet,Online Car repair Marketplace,Mumbai,TVS Group,Seed / Angel,500000.0,,2016,11
1261,2016-10-03,Mystifly,Consumer Internet,Airline Ticket Aggregator,Bengaluru,Recruit Holdings,Private Equity,5000000.0,,2016,10
1263,2016-10-03,Uniphore,Technology,Speech Recognition Solutions,Chennai,"IDG Ventures, Indian Angel Network (IAN), YourNest Angel Fund",Private Equity,2000000.0,,2016,10
1264,2016-10-03,World Art Community,E-Commerce,Art & Craft Marketplace,Gurugram,Viraj Tyagi & Others,Seed / Angel,200000.0,,2016,10
1265,2016-10-04,Giftxoxo,E-Commerce,Online Gifting platform,Bengaluru,Mahindra Holidays & Resorts India Ltd,Private Equity,450000.0,,2016,10
1268,2016-10-04,India Gifts Portal,E-Commerce,Online Gifting platform,Noida,"Naveen Arya, Tarun Joshi",Private Equity,2000000.0,,2016,10
1269,2016-10-04,Moglix,E-Commerce,Industrial & Home products marketplace,Noida,"Accel Partners, Jungle Ventures, SeedPlus",Private Equity,4200000.0,,2016,10
1270,2016-10-04,NetLinx,Consumer Internet,Internet Service Provider,Hyderabad,"Xchange Investors NV, TransGlobal FZC",Private Equity,3000000.0,,2016,10
1272,2016-10-04,Remitr,Consumer Internet,Foreign Currency Payments Platform,Mumbai,"Vijay Shekhar Sharma, Pravin Gandhi, Smart Start Fund; Kunal Shah, Sandeep Tandon, Vishal Gondal, & Others",Seed / Angel,1000000.0,,2016,10
1273,2016-10-04,InnerChef,Consumer Internet,Online food ordering platform,Gurugram,"Mistletoe, M&S Partners",Private Equity,2500000.0,,2016,10
1274,2016-10-04,AppsDaily,Consumer Internet,"Mobile Phone Theft, Damage Protection platform",Mumbai,"Zodius Capital, Kalaari Capital, Qualcomm Ventures, Russian venture capital fund Ru-Net, Mumbai Angels",Private Equity,3750000.0,,2016,10
1278,2016-10-05,UE LifeSciences,Technology,Mobile Health Technology Solutions,Mumbai,"Kiran Mazumdar-Shaw, Unitus Seed Fund",Private Equity,1200000.0,,2016,10
1280,2016-10-06,RealBox,Technology,Data Sciences Platform,Noida,Hyderabad Angels,Seed / Angel,300000.0,,2016,10
1282,2016-10-06,GoZefo,E-Commerce,Used Furniture & Appliances Marketplace,Bengaluru,"Helion Venture Partners, BeeNext",Private Equity,1050000.0,,2016,10
1283,2016-10-07,RayIOT,Technology,Baby Monitoring Devices manufacturer,Bengaluru,HAX Accelerator,Seed / Angel,100000.0,,2016,10
1284,2016-10-07,KOOH Sports,Technology,Sports Training & Technology,Mumbai,"HDFC, Faering Capital, Elevate Sports",Private Equity,2200000.0,,2016,10
1285,2016-10-07,Flexiloans,Consumer Internet,Online Funds Raising Platform,Mumbai,"Sanjay Nayar, Vikram Sud, Anil Jaggia, Narayan Seshadri",Private Equity,15000000.0,,2016,10
1287,2016-10-10,Vithi.com,E-Commerce,Online Hair Extension etailer,Delhi,undisclosed investor,Seed / Angel,375000.0,,2016,10
1288,2016-10-11,Yupp TV,Consumer Internet,Internet-based TV streaming service provider,Bengaluru,Emerald Media,Private Equity,50000000.0,,2016,10
1289,2016-10-11,Deyor Camps,Consumer Internet,Branded Camping location Aggregator,Gurugram,"Nitin Passi, Manickam Mahalingam, Udaan Angels, Rajesh Arora, Arkas Industries",Seed / Angel,500000.0,,2016,10
1291,2016-10-13,FabAlley,E-Commerce,online fashion brand store,Noida,"India Quotient, FAO Ventures, Indian Angel Network, Tushar Singh, Ranjan Sharma",Private Equity,2000000.0,,2016,10
1294,2016-10-13,RoboVac,Technology,waterless car washing solution,Ahmedabad,Virendra Patel,Seed / Angel,450000.0,,2016,10
1295,2016-10-14,Newspatrolling,Consumer Internet,Online News portal,Delhi,Undisclosed,Seed / Angel,25000.0,,2016,10
1296,2016-10-14,Postman,Consumer Internet,API Platform,Bengaluru,Nexus Venture Partners,Private Equity,7000000.0,,2016,10
1297,2016-10-14,ISFC,Finance,Education Sector Lending,Hyderabad,Gray Matters Capital,Private Equity,6000000.0,,2016,10
1301,2016-10-15,DailyHunt,Consumer Internet,Vernacular content mobile app,Bengaluru,"ByteDance, Arun Sarin, Matrix Partners, Sequoia Capital India, Omidyar Network, Falcon Edge",Private Equity,25000000.0,,2016,10
1302,2016-10-15,Tazzo Bikes,Consumer Internet,Motorbike rental platform,Hyderabad,DSG Consumer Partners,Seed / Angel,227000.0,,2016,10
1303,2016-10-15,MyKindofJob,Consumer Internet,Internet & Fresher Job platform,Mumbai,"Mayank Shah, Shreyans Shah",Seed / Angel,1000000.0,,2016,10
1306,2016-10-17,Yumigo,Consumer Internet,App based Travel Discovery and Transactions platform,Gurugram,Hemant Sahni,Seed / Angel,300000.0,,2016,10
1307,2016-10-17,Rentalpha,Others,equipment rental and leasing company,Mumbai,Bravia Capital,Private Equity,16000000.0,,2016,10
1308,2016-10-18,3Dexter,Technology,3D Printing Solutions for Edu space,Delhi,Newbie Promoters,Seed / Angel,150000.0,,2016,10
1311,2016-10-18,MySUN,Technology,Solar Energy harnessing products marketplace,Noida,General Catalyst Partners,Private Equity,2500000.0,,2016,10
1313,2016-10-19,Furlenco,Consumer Internet,Online Furniture Rental platform,Bengaluru,"Lightbox Ventures, Axis Capital & Others",Private Equity,30000000.0,,2016,10
1314,2016-10-19,Fisdom,Consumer Internet,Personal Wealth Management Platform & App,Bengaluru,"Saama Capital, Raghunandan G, Aprameya Radhakrishna",Private Equity,1100000.0,,2016,10
1315,2016-10-19,Actofit,Technology,Wearable Technology platform & devices,Mumbai,Next Orbit Ventures Fund,Private Equity,750000.0,,2016,10
1319,2016-10-21,ChatOnGo,Consumer Internet,Hyperlocal Communication Mobile app,Mumbai,Janak Jain,Seed / Angel,300000.0,,2016,10
1321,2016-10-24,Healthians,Consumer Internet,Health Test Discovery & Ordering service,Gurugram,BEENEXT,Private Equity,3000000.0,,2016,10
1322,2016-10-24,Box8,Consumer Internet,Online Food Ordering platform/App,Mumbai,"IIFL Seed Ventures Fund, Mayfield Ventures",Private Equity,7500000.0,,2016,10
1323,2016-10-25,Kredx,E-Commerce,Invoice discounting marketplace,Bengaluru,Sequoia Capital,Private Equity,6000000.0,,2016,10
1324,2016-10-25,CreditMate,Consumer Internet,Credit Report Info platform,Mumbai,India Quotient,Seed / Angel,500000.0,,2016,10
1327,2016-10-25,SooperMO,Technology,Android utility app suite creator,Gurugram,Lalit Vase,Seed / Angel,100000.0,,2016,10
1328,2016-10-26,OrangeTwig,Consumer Internet,Social Media Marketing platform,Delhi,Undisclosed investor,Seed / Angel,1000000.0,,2016,10
1330,2016-10-26,The Kettlery,E-Commerce,Online Tea Etailer,Ahmedabad,"hooting Starts Sports LLP, Franchise India Brands",Private Equity,1000000.0,,2016,10
1331,2016-10-27,Idea Bubbles,Consumer Internet,Doctor Consulting platform,Bengaluru,"1Crowd, Eureka Forbes Ltd, Shapoorji Pallonji & Co. Ltd.",Private Equity,700000.0,,2016,10
1332,2016-10-27,FR8,Technology,Truck Fleet Operation platform,Chennai,Omnivore Partners,Private Equity,971000.0,,2016,10
1333,2016-10-27,Ather Energy,Technology,Electric Vehicle Manufacturer,Bengaluru,Hero MotoCorp,Private Equity,27000000.0,,2016,10
1335,2016-10-29,Velmenni,Technology,LiFi based wireless communication provider,Delhi,Kalaari Capital,Seed / Angel,100000.0,,2016,10
1336,2016-10-29,Volta Motors,Technology,Electric Bike Manufacturer,Chennai,Kalaari Capital,Seed / Angel,100000.0,,2016,10
1337,2016-10-29,Cyclops,Technology,Clinical and Wearable Diagnostic Product creator,Bengaluru,Kalaari Capital,Seed / Angel,100000.0,,2016,10
1338,2016-10-30,Impact Analytics,Technology,Business intelligence and data science Startup,Bengaluru,"Aarin Capital, Michael Herzig, Ashish Lakhanpal",Private Equity,750000.0,,2016,10
1339,2016-10-31,Talent Next,Consumer Internet,Talent Discovery & Audition management platform,Mumbai,Karanpal Singh & Others,Seed / Angel,1000000.0,,2016,10
1341,2016-09-01,Mihup,Technology,Personal Digital Assistant,Kolkata,Accel Partners,Private Equity,6700000.0,,2016,9
1347,2016-09-06,eShakti,E-Commerce,Womens Fashion Apparel eTailer,Chennai,"Infina Finance Pvt. Ltd, Uday Kotak",Private Equity,1350000.0,,2016,9
1348,2016-09-06,CheersOye!,Consumer Internet,Online Gift Vouchers platform,Mumbai,Undisclosed Investors,Seed / Angel,500000.0,,2016,9
1350,2016-09-06,BigStylist,Consumer Internet,Hyperlocal doorstep Beauty Services provider,Mumbai,Info Edge (India) Ltd,Private Equity,900000.0,,2016,9
1351,2016-09-07,Zilingo,E-Commerce,Online Fashion Retailer,Bengaluru,"Venturra Capital, Sequoia India, Susquehanna International Group. Wavemaker Partners, Beenext, Beenos, Digital Garage",Private Equity,8000000.0,,2016,9
1352,2016-09-07,Alternacare,Consumer Internet,Online Doctor Consulting platform,Delhi,Eros Labs,Seed / Angel,500000.0,,2016,9
1353,2016-09-07,Simplilearn,Education,Online Certification programs,Bengaluru,InnoVen Capital India,Private Equity,6000000.0,,2016,9
1354,2016-09-07,Prozo,E-Commerce,Study Material Marketplace,Gurugram,"Earlsfield Capital, Sailender Solanki, Rajiv Solanki",Seed / Angel,315000.0,,2016,9
1355,2016-09-08,TopRankers,Education,Online Test Preparation platform,Bengaluru,"CareerNet Consulting Pvt. Ltd, Ideation Initiative Pvt. Ltd,",Seed / Angel,670000.0,,2016,9
1356,2016-09-08,BuildTraders,E-Commerce,Online Construction Materials Marketplace,Bengaluru,Idein Ventures,Seed / Angel,200000.0,,2016,9
1357,2016-09-09,Byjus,Education,Online Learning App,Bengaluru,"Chan Zuckerberg Initiative, Times Internet Ltd, Sequoia Capital, Sofina, Lightspeed Ventures",Private Equity,50000000.0,,2016,9
1360,2016-09-10,CureInstant,Consumer Internet,Social Health Networking Platform,Delhi,Dr. Rameshwar Kumar,Seed / Angel,150000.0,,2016,9
1361,2016-09-10,Poshtic,Consumer Internet,Online health & Wellness platform,Noida,"havya Sharma, Amit Nagar",Seed / Angel,450000.0,,2016,9
1363,2016-09-12,Purple Style Labs,Consumer Internet,Personal Styling Online platform,Mumbai,"Augment Ventures, Rahul Kayan, Nikhil Golcha, Shubham Gupta, Roy Kwan",Seed / Angel,448000.0,,2016,9
1364,2016-09-12,Inuxu,Technology,Online Advertising Solutions,Pune,Fork Media,Private Equity,3000000.0,,2016,9
1365,2016-09-12,Nykaa,E-Commerce,Online Beauty products eTailer,Mumbai,"Sunil Munjal, Mariwala family",Private Equity,12300000.0,,2016,9
1366,2016-09-12,Glam Studios,Consumer Internet,Beauty Salon Aggregator,Noida,"Pradeep Mirani, Aqeel Ahmed, Anand Ladsariya, Nitin Agarwal",Seed / Angel,300000.0,,2016,9
1370,2016-09-13,NearBuy,Consumer Internet,Online Deals & Discount platform,Gurugram,BlackSoil Capital Pvt. Ltd.,Private Equity,2500000.0,,2016,9
1372,2016-09-14,Flocareer,Consumer Internet,Jobs & Skill Validation platform,Bengaluru,"Balasubramanian Krishnamurthy, Sidhartha Hazarika & Others",Seed / Angel,150000.0,,2016,9
1374,2016-09-15,infeedo,Consumer Internet,Employee engagement platform,Gurugram,"Dheeraj Jain, Palash Jain, Anupam Mittal, Ameera Shah, Vivek Bhargava, Rahul Singh, Ambarish Gupta,",Seed / Angel,200000.0,,2016,9
1375,2016-09-15,Furlenco,E-Commerce,Online furniture rental startup,Bengaluru,Lightbox Ventures and others,Private Equity,5000000.0,,2016,9
1376,2016-09-15,GoPigeon,Consumer Internet,on-demand logistics service provider,Bengaluru,Nexus Venture Partners,Private Equity,1500000.0,,2016,9
1377,2016-09-16,NewsDistill,Consumer Internet,City based News Aggregator App,Hyderabad,"Ganesh Narasimhan, Ramana Thumu, Sudhir Mallem",Seed / Angel,100000.0,,2016,9
1378,2016-09-16,DoctorInsta,Consumer Internet,Online Doctor Consultations,Gurugram,RoundGlass Partners,Private Equity,1000000.0,,2016,9
1379,2016-09-19,Milofy,Consumer Internet,Couple Socialization App,Bengaluru,Accel Partners,Seed / Angel,750000.0,,2016,9
1381,2016-09-19,Swiggy,Consumer Internet,Online Food Ordering & Delivery,Bengaluru,Bessemer Venture Partners,Private Equity,15000000.0,,2016,9
1383,2016-09-20,JustLikeNew,E-Commerce,Online gadget Repair Services Marketplace,Hyderabad,LetsVenture,Seed / Angel,500000.0,,2016,9
1385,2016-09-21,Co Life,Consumer Internet,shared living and working spaces platform,Bengaluru,Undisclosed Investors,Seed / Angel,1000000.0,,2016,9
1387,2016-09-21,Pepperfry,E-Commerce,Furniture eTailer,Mumbai,"Goldman Sachs Group, Zodius Technology Fund, Norwest Venture Partners, Bertelsmann India",Private Equity,31300000.0,,2016,9
1388,2016-09-21,eQuickies,E-Commerce,Online Book etailer,Ahmedabad,Lothal Angel Ventures,Seed / Angel,298000.0,,2016,9
1389,2016-09-21,Khel Now,Consumer Internet,Mobile-based social networking platform,Delhi,Anglian Omega Network,Seed / Angel,350000.0,,2016,9
1390,2016-09-22,Gadgetwood,Consumer Internet,On-Demand Gadget repair services platform,Delhi,Carpediem Capital,Private Equity,6000000.0,,2016,9
1392,2016-09-22,Flixy Games,Technology,Mobile Game Publisher for Indian audience,Bengaluru,Rebright Partners,Seed / Angel,425000.0,,2016,9
1393,2016-09-22,HashTaag,Technology,Mobile App Development company,Bengaluru,Undisclosed investors,Seed / Angel,1000000.0,,2016,9
1394,2016-09-22,PharmaRack,Technology,SAAS application for Pharma Industry,Pune,"Currae Healthtech Fund, Unicorn India Ventures",Private Equity,745000.0,,2016,9
1395,2016-09-23,CloudCherry,Technology,CRM SAAS Platform,Chennai,"Vertex Ventures, Cisco Ventures, IDG Ventures",Private Equity,6000000.0,,2016,9
1401,2016-09-27,TinyStep,Consumer Internet,Parenting Network Platform,Bengaluru,Flipkart Logistics Pvt. Ltd,Private Equity,1580000.0,,2016,9
1403,2016-09-28,Beardo,E-Commerce,Mens Grooming products etailer,Ahmedabad,Venture Catalysts,Seed / Angel,500000.0,,2016,9
1404,2016-09-28,Instacar,Consumer Internet,Out-Station Taxi Rental Platform,Indore,Swastika Co Ltd.,Seed / Angel,1000000.0,,2016,9
1405,2016-09-28,Celes Care,Consumer Internet,Virtual Health Clinic for Women,Hyderabad,Endiya Partners,Seed / Angel,1000000.0,,2016,9
1406,2016-09-28,Druva,Technology,Cloud Based Data Protection Solution,Pune,"Sequoia India, EDBI, Blue Cloud Ventures, Hercules Capital",Private Equity,51000000.0,,2016,9
1407,2016-09-29,Promon,E-Commerce,Local Commerce Platform,Delhi,Now Capital,Seed / Angel,180000.0,,2016,9
1409,2016-09-29,Unocoin,Consumer Internet,Bitcoin Wallet,Bengaluru,"Blume Ventures, Mumbai Angels, ah! Ventures, Digital Currency Group, Boost VC, Bank to the Future and Funders Club",Private Equity,1500000.0,,2016,9
1411,2016-09-30,Zeta,Technology,Enterprise Cloud Solutions,Mumbai,Bhavin Turakhia,Private Equity,19000000.0,,2016,9
1413,2016-08-01,HealthKart,E-Commerce,Online Pharmacy & Health Marketplace,Gurugram,"Sequoia Capital India, Omidyar Network, Kae Capital",Private Equity,12000000.0,,2016,8
1414,2016-08-01,Medinfi,Consumer Internet,Doctor & Clinic Discovery Platform,Bengaluru,"Mudit Saxena, Evan Lim",Seed / Angel,200000.0,,2016,8
1415,2016-08-01,RepairEasy,Consumer Internet,Gadget Repair Services Platform,Pune,Undisclosed HNIs,Seed / Angel,275000.0,,2016,8
1416,2016-08-01,Voonik,E-Commerce,Online Womens Fashion Marketplace,Bengaluru,InnoVen Capital,Private Equity,3000000.0,,2016,8
1417,2016-08-01,Tokri,Consumer Internet,Hyperlocal Grocery Delivery platform,Pune,Syska LED group,Private Equity,2500000.0,,2016,8
1418,2016-08-02,Sheroes,Consumer Internet,Online Job and Career Platform for Women,Noida,"Lumis Partners, The HR Fund, Rajul Garg, Quintillion Media",Private Equity,1800000.0,,2016,8
1420,2016-08-02,Yumlane,Food & Beverage,Retail Food & Snack Offline centres,Mumbai,"Binny Bansal, Anupam Mittal, Sachin Bhatia, Darius Pandole, Kunal Khattar, Dheerag Jain",Seed / Angel,1000000.0,,2016,8
1422,2016-08-03,ExtraCarbon,Consumer Internet,Waste Recycle Management platform,Gurugram,Brand Capital,Seed / Angel,225000.0,,2016,8
1423,2016-08-03,FlickBay,Consumer Internet,Mobile Based Bollywood Discovery platform,Mumbai,Paul Roy,Seed / Angel,890000.0,,2016,8
1424,2016-08-04,Petoo,Consumer Internet,Food Delivery Platform,Bengaluru,Existing Investors,Seed / Angel,500000.0,,2016,8
1427,2016-08-06,VST Travels,Technology,Travel Ticket Booking Software,Kerala,Promatus Group,Seed / Angel,27000.0,,2016,8
1429,2016-08-08,Wefly Indoor Skydiving,Others,Indoor Skydiving Sports Provider,Mumbai,Swastika Company Ltd.,Seed / Angel,40000.0,,2016,8
1430,2016-08-08,Mojarto,E-Commerce,"Original Art, Digital Prints etailer",Gurugram,Undisclosed Investors,Seed / Angel,445000.0,,2016,8
1431,2016-08-08,Zipgrid,Consumer Internet,Community services platform,Mumbai,1Crowd (through crowd funding),Seed / Angel,200000.0,,2016,8
1434,2016-08-10,Vebbler,Consumer Internet,Photo Sharing Mobile App,Bengaluru,"Anupam Mittal, Sharad Sharma & 14 others",Seed / Angel,500000.0,,2016,8
1435,2016-08-10,Bombay Shaving Company,E-Commerce,Mens Grooming Product etailer,Delhi,"Noshir Kaka, Subramanian Ramadorai, Kiran Deshpande, Pankaj Gupta, Ravi Nigam & Others",Seed / Angel,600000.0,,2016,8
1436,2016-08-11,Travelyaari,Consumer Internet,Online ticket booking platform,Bengaluru,"Gujarat Venture Finance Limited (GVFL), Bennett Coleman & Co. Ltd",Private Equity,7000000.0,,2016,8
1438,2016-08-11,Genextstudents,Consumer Internet,Online Tutoring Service provider,Mumbai,1Crowd (through crowdfunding),Seed / Angel,209000.0,,2016,8
1439,2016-08-11,Zenoti,Technology,Cloud Based Software Solutions Provider,Hyderabad,"Norwest Venture Partners, Accel India",Private Equity,15000000.0,,2016,8
1440,2016-08-12,Crofarm,Technology,Agri-Tech supply chain Solution provider,Gurugram,"Mukul Singhal, Rohit Jain, Himanshu Aggrawal, Sunil Goyal Ashish Gupta,",Private Equity,1500000.0,,2016,8
1441,2016-08-12,Faircent.com,Consumer Internet,peer-to-peer lending platform,Gurugram,Brand Capital,Private Equity,1500000.0,,2016,8
1442,2016-08-12,Innovaccer,Technology,Integrated Enterprise Analytics Platform,Noida,Westbridge Capital Partners,Private Equity,15600000.0,,2016,8
1443,2016-08-12,Cuberoot,Technology,Data Analytics & Audience Management Platform,Gurugram,Undisclosed Investors,Seed / Angel,500000.0,,2016,8
1447,2016-08-16,OyoRooms,Consumer Internet,Budget Hotels Aggregator,Delhi,SoftBank Group,Private Equity,62000000.0,,2016,8
1448,2016-08-16,Hike,Consumer Internet,Mobile Messaging App,Delhi,"Tencent Holdings, Foxconn Technology Group, Tiger Global, SoftBank Group, Bharti Enterprises",Private Equity,175000000.0,,2016,8
1449,2016-08-16,Joolz,E-Commerce,Online Jewellery Store,Mumbai,"Powerhouse Ventures, M&S Partners",Private Equity,500000.0,,2016,8
1450,2016-08-16,SaleBhai,E-Commerce,"Sweets, Dry Fruits & Handicrafts etailer",Ahmedabad,Brand Capital,Private Equity,1500000.0,,2016,8
1451,2016-08-16,Makkajai,Technology,Online & Mobile learning for kids,Pune,"Anand Chandrasekaran, Ananth Narayanan, Mekin Maheshwari, Ravi Garikipati, Divyesh Shah, Swastika Company Ltd",Seed / Angel,250000.0,,2016,8
1453,2016-08-17,MaalGaadi,Logistics,Online Logistics Marketplace,Indore,"Swan Angel Network,Sachin Khandelwal and others",Seed / Angel,375000.0,,2016,8
1455,2016-08-17,Appknox,Technology,Mobile security solutions,Bengaluru,"SeedPlus, Infocomm Investments, Accel Partners RNT Associates",Private Equity,675000.0,,2016,8
1459,2016-08-19,Quikr,Consumer Internet,Classified Listings platform,Mumbai,Brand Capital,Private Equity,20000000.0,,2016,8
1460,2016-08-19,Digio,Technology,Aadhar based Document Signing platform,Bengaluru,Rainmatter,Private Equity,375000.0,,2016,8
1463,2016-08-22,Puro Wellness,healthcare,"Organic, Natural Food substitute manufacturer",Mumbai,Torrent Group,Private Equity,37000000.0,,2016,8
1466,2016-08-23,Notesgen,Consumer Internet,Online Notes Sharing Portal,Delhi,"Riju Gupta, Kamal Chabra",Seed / Angel,100000.0,,2016,8
1468,2016-08-23,Octo.ai,Technology,Artificial Intelligence based marketing platform,Delhi,"Outbox Ventures, Jaspreet Bindra, Arjun Malhotra, Rohan Malhotra, Sidharth Rao, Rakesh Agrawal",Seed / Angel,200000.0,,2016,8
1470,2016-08-24,UnaAcademy,Consumer Internet,Free Interactive education platform,Bengaluru,"Blume Ventures, Sachin Bansal, Vijay Shekhar Sharma, Binny Bansal, Kunal Shah, Sandeep Tandon, Ashish Tulsian",Private Equity,1000000.0,,2016,8
1471,2016-08-24,Advenio,Technology,Clinical Imaging Solution Provider,Chandigarh,Kalaari Capital,Seed / Angel,100000.0,,2016,8
1472,2016-08-24,Guarented,E-Commerce,Home Furnishing rental marketplace,Bengaluru,Kalaari Capital,Seed / Angel,500000.0,,2016,8
1474,2016-08-24,Uber Dreams,E-Commerce,Dreams fulfilling marketplace,Mumbai,Mohit Lalvani,Seed / Angel,500000.0,,2016,8
1475,2016-08-24,Convegenius,Education,Edutainment platform,Noida,Michael and Susan Dell Foundation,Private Equity,900000.0,,2016,8
1476,2016-08-24,UrbanLadder,E-Commerce,Online Furniture Store,Mumbai,Trifecta Capital,Private Equity,3000000.0,,2016,8
1479,2016-08-25,Cult,Healthcare,Health and Fitness Centres,Bengaluru,CureFit,Private Equity,3000000.0,,2016,8
1482,2016-08-25,ZoomCar,Consumer Internet,Self-driven car booking platform,Bengaluru,Ford Smart Mobility Llc,Private Equity,24000000.0,,2016,8
1483,2016-08-26,Plix,Consumer Internet,Photo and Video Sharing App,Gurugram,Instalabs,Seed / Angel,500000.0,,2016,8
1484,2016-08-26,Mobikwik,Consumer Internet,Digital Wallet platform,Gurugram,Net1 UEPS Technologies Inc,Private Equity,40000000.0,,2016,8
1485,2016-08-26,MyDidi,Consumer Internet,"on-demand, hyper-local Cleaning services provider",Mumbai,Undisclosed Ex Mckinsey Directors and Partners,Seed / Angel,550000.0,,2016,8
1487,2016-08-29,LoanTap,Consumer Internet,Lending platform for Salaried professionals,Mumbai,"Dr. Abhishek Pandey, Jaysukh Sapra",Private Equity,3000000.0,,2016,8
1488,2016-08-29,Runnr,Consumer Internet,hyperlocal Logistics services provider,Bengaluru,"Nexus Venture Partners, Blume Ventures",Private Equity,7000000.0,,2016,8
1490,2016-08-29,Notion Press,Consumer Internet,Self-Publishing books platform,Chennai,Undisclosed HNI investors,Private Equity,1000000.0,,2016,8
1491,2016-08-29,LivSpace,Consumer Internet,Online portal for Home Design,Bengaluru,"Bessemer Venture Partners, Jungle Ventures, Helion Ventures",Private Equity,15000000.0,,2016,8
1492,2016-08-30,iAugmentor Labs,Technology,Assessment & Learning Platform,Gurugram,Rajasthan Angel Investor Network & Others,Seed / Angel,149000.0,,2016,8
1493,2016-08-30,DayBox,Consumer Internet,Fruit & Vegetable Delivery platform,Delhi,"Ashutosh Lawania, Rajul Jain, Badal Malick, Rishi Gupta & Others",Seed / Angel,104000.0,,2016,8
1494,2016-08-30,Paytm,E-Commerce,Mobile Wallet & ECommerce platform,Bengaluru,MediaTek Inc.,Private Equity,60000000.0,,2016,8
1495,2016-08-30,CropIn,Technology,Agriculture Technology Solutions,Bengaluru,Sophia Investment ApS,Private Equity,2000000.0,,2016,8
1496,2016-08-30,Canvera,Consumer Internet,Photographer Discovery & Information platform,Bengaluru,Info Edge (India) Ltd,Private Equity,3000000.0,,2016,8
1498,2016-08-31,Flyrobe,E-Commerce,Online fashion rental platform,Mumbai,"IDG Ventures, Sequoia Capital, GREE Ventures",Private Equity,5300000.0,,2016,8
1502,2016-07-01,Venture Catalysts,Consumer Internet,Seed Investment & Innovation Platform,Mumbai,Zaffiro Ventures,Seed / Angel,500000.0,,2016,7
1504,2016-07-02,Playment,Consumer Internet,Mobile Marketplace for Crowdsourced Work,Bengaluru,SAIF Partners,Private Equity,700000.0,,2016,7
1506,2016-07-04,Curefit,Consumer Internet,Online Preventive Healthcare Platform,Bengaluru,"Accel Partners, IDG Ventures, Kalaari Capital",Private Equity,15000000.0,,2016,7
1507,2016-07-04,StitchWood,E-Commerce,Custom Furniture Online,Mumbai,Deepak Gupta,Seed / Angel,200000.0,,2016,7
1508,2016-07-04,Grab.in,Logistics,hyperlocal logistics service,Mumbai,Aramex Ventures Llc,Private Equity,2000000.0,,2016,7
1510,2016-07-04,NeoGrowth,Finance,SME Lending platform,Mumbai,"IIFL Wealth Management Seed Venture Fund, Omidyar Network, Khosla Impact, Aspada",Private Equity,16000000.0,,2016,7
1511,2016-07-05,SeeDoc,Consumer Internet,Video Based Doctor Consulting platform App,Gurugram,YourNest Angel Fund & Others,Private Equity,1000000.0,,2016,7
1512,2016-07-05,BookMyShow,Consumer Internet,Event & Movie Ticketing platform,Mumbai,"Stripes Group, Network 18, Accel Partners, SAIF Partners",Private Equity,82000000.0,,2016,7
1513,2016-07-05,Flyrobe,E-Commerce,Online fashion rental platform,Mumbai,"Sequoia Capital, Rohit Bansal, Kunal Bahl, Sandeep Tandon, Kunal Shah, Zishaan Hayath, Abhishek Jain",Seed / Angel,1700000.0,,2016,7
1514,2016-07-06,HappilyUnmarried,E-Commerce,Online Merchandize etailer,Delhi,Info Edge (India) Ltd,Private Equity,740000.0,,2016,7
1515,2016-07-06,Dont Scratch Your Head,Technology,Full Stack Offline & Online ERP Solution,Ahmedabad,"Gaurav Singhvi, Zaffiro Ventures",Seed / Angel,250000.0,,2016,7
1516,2016-07-06,Wedding Wishlist,Consumer Internet,"Wedding Wishlist, Gifts & Registry Creation platform",Chennai,"Kirthiga Reddy, Renuka Ramanath,Cherry Tin",Seed / Angel,297000.0,,2016,7
1517,2016-07-07,AppDaily,Technology,Mobile Security App development & Distribution,Mumbai,"Kalaari Capital, Qualcomm Ventures, ru-Net, Zodius Technology Opportunities Fund,",Private Equity,2000000.0,,2016,7
1518,2016-07-07,Adytude,Consumer Internet,Gamified Consumer Insights Portal,Delhi,Indian Angel Network,Private Equity,1000000.0,,2016,7
1522,2016-07-08,HolaChef,Consumer Internet,Online Food Ordering & Delivery Platform,Mumbai,"Kalaari Capital, India Quotient",Private Equity,1950000.0,,2016,7
1523,2016-07-11,Purplle,E-Commerce,Beauty Products Marketplace,Mumbai,"JSW Ventures, Blume Ventures & IvyCap Ventures",Private Equity,6000000.0,,2016,7
1524,2016-07-11,Trak N Tell,Technology,Car Tracking & Safety System,Gurugram,Brian Acton,Private Equity,3500000.0,,2016,7
1525,2016-07-11,Overcart.com,E-Commerce,Unboxed & refurbished electronic products marketplace,Gurugram,"JSW Ventures, Omidyar Network, Sattva Capital, Venture Works",Private Equity,3000000.0,,2016,7
1526,2016-07-12,SirionLabs,Technology,SAAS based Service Agreement Management,Gurugram,Sequoia Capital,Private Equity,12250000.0,,2016,7
1531,2016-07-13,YAAP,Consumer Internet,"Online Content Discovery, Creation & Distribution Platform",Delhi,Rainmaker Ventures,Private Equity,5000000.0,,2016,7
1533,2016-07-13,Twigly,Consumer Internet,Online Food Ordering & Delivery Startup,Gurugram,"Tracxn Labs, Hyderabad Angels, Kunal Shah, Gaurav Bhalotia",Seed / Angel,600000.0,,2016,7
1534,2016-07-13,ShareChat,Consumer Internet,Vernacular Language Content Creation & Sharing App,Bengaluru,"SAIF Partners, India Quotient",Private Equity,1350000.0,,2016,7
1536,2016-07-13,RentMojo,Consumer Internet,Online Furniture Renting Platform,Bengaluru,"Accel Partners, IDG Ventures India",Private Equity,5000000.0,,2016,7
1539,2016-07-14,Augrav,E-Commerce,Personalized precious Jewellery etailer,Coimbatore,Keiretsu Forum,Seed / Angel,450000.0,,2016,7
1540,2016-07-14,ShoppinPal,Technology,M-Commerce Solutions for Retail Stores,Pune,"Plug and Play Tech Center, Steelhead Ventures & Others",Private Equity,1070000.0,,2016,7
1542,2016-07-15,WorkApps,Technology,Enterprise Work Management Software,Pune,SRI Capital,Seed / Angel,1000000.0,,2016,7
1543,2016-07-15,BankerBay,Consumer Internet,Online Investment Banking platform,Bengaluru,undisclosed investors,Private Equity,2000000.0,,2016,7
1545,2016-07-15,TripShelf,E-Commerce,Travel Package Marketplace,Delhi,GEMS group,Seed / Angel,250000.0,,2016,7
1547,2016-07-15,Ridlr,Consumer Internet,Public Transport Mobile App,Mumbai,"Times Internet, Innoven Capital, Matrix Partners India, Qualcomm Ventures",Private Equity,6000000.0,,2016,7
1548,2016-07-18,Yellowdig,Consumer Internet,Online Learning Platform,Pune,SRI Capital,Seed / Angel,650000.0,,2016,7
1549,2016-07-18,Zuppler,Consumer Internet,Online Food Ordering platform,Delhi,SRI Capital,Seed / Angel,650000.0,,2016,7
1550,2016-07-18,BlueStone,E-Commerce,Jewellery Etailer,Mumbai,"IIFL and Accel Partners, Kalaari Capital, IvyCap Ventures, RB Investments",Private Equity,30000000.0,,2016,7
1553,2016-07-19,Sagacito,Technology,Cloud-Based Enterprise Solutions,Delhi,Star India Pvt. Ltd,Private Equity,10000000.0,,2016,7
1554,2016-07-19,Deal4Loans / Wishfin,Consumer Internet,Loans Comparison platform (adsbygoogle = window.adsbygoogle || []).push({});,Noida,Franklin Templeton International Services Pvt. Ltd,Private Equity,15000000.0,,2016,7
1555,2016-07-19,NiYO Solutions,Technology,Payroll & Benefits Software solutions,Bengaluru,Prime Venture Partners,Private Equity,1000000.0,,2016,7
1556,2016-07-19,AppLop,Consumer Internet,Mobile Apps SaaS Platform,Gurugram,Green House Ventures Accelerator,Seed / Angel,250000.0,,2016,7
1557,2016-07-20,Tax2Win,Consumer Internet,Online Tax Filing Portal,Jaipur,Undisclosed Investors,Private Equity,1000000.0,,2016,7
1558,2016-07-20,Truckola,Logistics,Tech-focused cargo transport startup,Mumbai,"Abhishek Agarwal, Krishnakumar Nataraj, Sarath Sura, Shanti Mohan, Sarthak and Nihit Agarwal, Suramya Gupta",Seed / Angel,595000.0,,2016,7
1560,2016-07-21,MyTaxiIndia,Consumer Internet,Online Car rental booking platform,Delhi,Nihon Kotsu Co,Private Equity,1000000.0,,2016,7
1562,2016-07-21,Wiwigo,Consumer Internet,Inter-City Taxi Booking platform,Bengaluru,Indian Angel Network,Seed / Angel,595000.0,,2016,7
1568,2016-06-02,Atomberg,Technology,"smart, energy efficient home appliance manufacturer",Mumbai,Parampara Capital,Private Equity,1000000.0,,2016,6
1570,2016-06-02,Limo,Consumer Internet,Bus Aggregator Mobile app,Mumbai,Rainmaker Ventures,Private Equity,1000000.0,,2016,6
1572,2016-06-03,GoGo Truck,Consumer Internet,Truck Aggregator & Booking platform,Chennai,Undisclosed Investor,Seed / Angel,75000.0,,2016,6
1573,2016-06-03,Vyome Biosciences,Healthcare,Treatment Development for Antibiotic-resistant diseases,Delhi,Romulus Capital,Private Equity,2000000.0,,2016,6
1574,2016-06-06,SillyMonks,Consumer Internet,Digital Media and Entertainment Startup,Hyderabad,Sreenivasa Reddy Musani,Seed / Angel,448000.0,,2016,6
1575,2016-06-07,CueMath,Education,K-12 Maths Learning Courses,Bengaluru,"Sequoia Capital, Unitus Seed Fund",Private Equity,4000000.0,,2016,6
1576,2016-06-07,KrazyBee,Consumer Internet,Student Micro-Loan platform,Bengaluru,"Yeahmobi, Fenqile",Private Equity,2000000.0,,2016,6
1577,2016-06-07,Intgrea,Technology,Post merger Integration Partners,Bengaluru,Undisclosed Investor,Seed / Angel,100000.0,,2016,6
1578,2016-06-07,HelpShift,Technology,Mobile CRM Platform,Pune,"Microsoft Ventures, Salesforce Ventures",Private Equity,23000000.0,,2016,6
1579,2016-06-07,CreditVidya,Technology,Credit Scoring Platform,Mumbai,Kalaari Capital,Private Equity,1000000.0,,2016,6
1580,2016-06-08,Grey Campus,Consumer Internet,Online Learning Platform,Hyderabad,Sarath Sura,Seed / Angel,1000000.0,,2016,6
1581,2016-06-08,ListUp,E-Commerce,Location based Classified Mobile app,Mumbai,"Kae Capital, Kunal Shah, Sandeep Tandon",Seed / Angel,500000.0,,2016,6
1582,2016-06-08,6Degree,Technology,Tech-enabled Fashion Talent platform,Mumbai,Indian Angel Network,Seed / Angel,200000.0,,2016,6
1585,2016-06-08,StoreKing,E-Commerce,Connecting Small Town Consumers to E-Commerce,Bengaluru,Axiata Digital,Private Equity,16000000.0,,2016,6
1587,2016-06-08,MySeniorDoctor,Consumer Internet,Online medical support platform,Gurugram,BlackJag Partners,Seed / Angel,200000.0,,2016,6
1590,2016-06-09,EPayLater,Technology,Fin-Tech Platform,Mumbai,3 undisclosed HNIs,Seed / Angel,2000000.0,,2016,6
1592,2016-06-10,Paytunes,Consumer Internet,Mobile based rewards platform,Delhi,"CIO Angel Network, Indian Angel Network",Private Equity,500000.0,,2016,6
1600,2016-06-13,Bombay Shirt Company,E-Commerce,Online custom Shirt retailer,Mumbai,undisclosed investor,Private Equity,1000000.0,,2016,6
1601,2016-06-13,Matrubharti,Consumer Internet,e-Book Publisher,Unknown,Viridian Capital,Seed / Angel,30000.0,,2016,6
1605,2016-06-14,Jivox,Technology,Data Driven Advertising platform,Bengaluru,"You & Mr Jones, Fortisure Ventures, Diaz Nesamoney",Private Equity,6000000.0,,2016,6
1606,2016-06-14,Sminq,Consumer Internet,Queue management Mobile app,Pune,"Saama Capital, Blume Ventures & Vaibhav Domkundwar",Seed / Angel,1000000.0,,2016,6
1607,2016-06-14,CureJoy,Consumer Internet,Online Alternative health community platform,Bengaluru,Accel Partners India,Private Equity,4400000.0,,2016,6
1608,2016-06-15,Oneway.cab,Consumer Internet,Taxi Rental Platform,Vadodara,Indian Angel Network,Seed / Angel,450000.0,,2016,6
1610,2016-06-16,Diro Labs,Consumer Internet,Contact Management Mobile App,Delhi,Info Edge (India) Ltd,Private Equity,450000.0,,2016,6
1611,2016-06-16,Unnati Helpers,Consumer Internet,Help Hiring Platform,Gurugram,Info Edge (India) Ltd,Private Equity,600000.0,,2016,6
1614,2016-06-16,Voonik,E-Commerce,Online Womens Fashion Marketplace,Bengaluru,Sequoia Capital,Private Equity,20000000.0,,2016,6
1616,2016-06-17,Cleartax,Consumer Internet,Online Tax Filing Platform,Delhi,"Ravi Adusumalli, SAIF Partners",Private Equity,12000000.0,,2016,6
1617,2016-06-17,Silvan Innovation Labs,Technology,Home Automation Solutions,Bengaluru,Infuse Ventures,Private Equity,900000.0,,2016,6
1618,2016-06-17,GreytHR,Technology,Payroll & HR Software Developer,Bengaluru,"New Enterprise Associates (NEA), Blume Ventures",Private Equity,5200000.0,,2016,6
1624,2016-06-21,Onspoon,Consumer Internet,Online Platform for Event Sponsorship,Mumbai,Swan Angel Network,Seed / Angel,150000.0,,2016,6
1628,2016-06-21,Celerix,Technology,Fintech Product Development & Services Startup,Bengaluru,Bitkemy Ventures,Seed / Angel,400000.0,,2016,6
1629,2016-06-21,NatureNama,Consumer Internet,Online Outdoors & travel,Mumbai,Unicorn Venture,Seed / Angel,225000.0,,2016,6
1631,2016-06-21,Syona Cosmetics,FMCG,Beauty Products & Training to Salons & Spas,Chennai,The Chennai Angels,Seed / Angel,150000.0,,2016,6
1632,2016-06-21,PrettySecrets,E-Commerce,Women Lingerie Store,Mumbai,"RB Investments PTE Ltd, Orios Venture Partners",Private Equity,6000000.0,,2016,6
1633,2016-06-22,SpiderG,Consumer Internet,Online invoice app for SMEs,Pune,"Rahul Kirloskar, Fusion Tech Ventures, Adi Saravanan, Pravin Dongre, Mahendra Doshi",Seed / Angel,150000.0,,2016,6
1634,2016-06-23,FarEye,Technology,Logistics Management Software,Delhi,Saif Partners,Private Equity,3500000.0,,2016,6
1635,2016-06-23,The Uolo,Consumer Internet,School Parent Communication App,Bengaluru,"Purvi Ventures, Rajul Garg, Vipin Arora",Seed / Angel,210000.0,,2016,6
1638,2016-06-24,Drivify,Consumer Internet,Professional Driver discovery & Booking Mobile app,Mumbai,"Jitendra Gupta, Pankaj Tripathi",Seed / Angel,50000.0,,2016,6
1640,2016-06-24,ParaBlu,Technology,Cloud Data Security & Privacy Solutions,Bengaluru,Kalaari Capital,Seed / Angel,500000.0,,2016,6
1641,2016-06-24,Schedulers Logistics,Logistics,Cold Storage Logistics solutions,Mumbai,GVFL,Private Equity,6000000.0,,2016,6
1642,2016-06-24,LEAP India,Others,Supply Chain Equipment & Services provider,Mumbai,Mayfield Ventures,Private Equity,3000000.0,,2016,6
1643,2016-06-24,KabadiExpress,Others,Free Door Step Scrap Pickup Service,Delhi,Undisclosed investor,Seed / Angel,148000.0,,2016,6
1644,2016-06-27,YourDost,Consumer Internet,Online counselling & Personal coaching platform,Bengaluru,"SAIF Partners, Aprameya Radhakrishnan, Phanindra Sama, Subba Rao Telidevara, Vibhu Garg, Paula Ravindra Mariwala, Gaurav Bhalotia",Seed / Angel,1200000.0,,2016,6
1645,2016-06-27,Gomalon,Consumer Internet,Online Spa & Salon discovery & Booking platform,Bengaluru,Undisclosed investor,Seed / Angel,100000.0,,2016,6
1647,2016-06-27,Travelyaari,Consumer Internet,Online ticket booking platform,Bengaluru,GVFL Ltd,Private Equity,3000000.0,,2016,6
1648,2016-06-28,FabHotels,Consumer Internet,Online Hotel aggregator & Booking platform,Gurugram,"Accel Partners, RB Investments",Private Equity,8000000.0,,2016,6
1649,2016-06-28,Locanix,Technology,GPS based SaaS Solutions,Ahmedabad,Undisclosed investors,Seed / Angel,300000.0,,2016,6
1650,2016-06-28,LendingKart,Consumer Internet,Online Working Capital Business Loans Platform,Ahmedabad,"Bertelsmann India Investments, Mayfield India, Saama Capital, India Quotient",Private Equity,32000000.0,,2016,6
1651,2016-06-28,Hello Tax,Consumer Internet,Online Tax Filing Platform,Delhi,Sanjeev Sinha,Seed / Angel,295000.0,,2016,6
1654,2016-06-29,LetReach,E-Commerce,ECommerce SAAS Solutions,Delhi,vCommission,Private Equity,100000.0,,2016,6
1655,2016-06-29,TrendieApp,Technology,Visual Content Marketing,Kolkata,Harsh Vardhan Hada,Seed / Angel,50000.0,,2016,6
1657,2016-06-29,Velvetcase,E-Commerce,Online designer jewellery marketplace,Mumbai,"Uniqorn Ventures Fund, TV Mohandas Pai, S Somasegar",Private Equity,1500000.0,,2016,6
1658,2016-06-30,Meru Cabs,Consumer Internet,Online/ Mobile Tax Cab booking,Mumbai,Brand Capital,Private Equity,25000000.0,,2016,6
1659,2016-06-30,Campus Diaries,Consumer Internet,Student focussed Content Discovery portal,Bengaluru,Aarin Capital,Seed / Angel,220000.0,,2016,6
1661,2016-06-30,Biryani Blues,Food & Beverage,QSR Chain,Gurugram,Carpediem Capital & Others,Private Equity,368000.0,,2016,6
1663,2016-05-01,Get My Parking,Technology,Parking Technology Platform,Delhi,The Chennai Angels,Seed / Angel,376000.0,,2016,5
1664,2016-05-01,Prescribez,Consumer Internet,Health Service Aggregator Platform,Pune,Ankush Mehta,Seed / Angel,145000.0,,2016,5
1666,2016-05-03,Mobikwik,Consumer Internet,Mobile & Digital Wallet,Gurugram,"GMO Payment Gateway, MediaTek",Private Equity,50000000.0,,2016,5
1668,2016-05-03,Zwayam,Consumer Internet,Online Recruitment Platform,Bengaluru,Undisclosed investors,Seed / Angel,250000.0,,2016,5
1670,2016-05-03,Zuver,Consumer Internet,Car driver Discovery App,Mumbai,"Shruth & Smith Group, Hermes Group",Seed / Angel,180000.0,,2016,5
1672,2016-05-04,EasyRoads,Consumer Internet,Road Trip planning Mobile app,Mumbai,"Rohan Angrish, Hrishi Oberoi, Rahul Mehta, Kapil Hetamsaria, Pranav Dedhia",Seed / Angel,200000.0,,2016,5
1673,2016-05-04,Lenskart,E-Commerce,Eyewear & Accessories etailer,Delhi,"International Finance Corp, TPG Growth, Adveq Management, IDG Ventures, Ratan Tata, Kris Gopalakrishnan",Private Equity,60000000.0,,2016,5
1674,2016-05-04,Seclore,Technology,Enterprise Security Technology platform,Mumbai,"Sistema Asia Fund, Helion Venture, VentureEast, India Alternatives",Private Equity,12000000.0,,2016,5
1675,2016-05-04,SolarTown,Technology,Solar Rooftop system installation company,Chennai,Grex.in,Seed / Angel,200000.0,,2016,5
1676,2016-05-04,Comarete,Technology,Telecom & Media IT services company,Pune,Grex.in,Seed / Angel,200000.0,,2016,5
1677,2016-05-04,MyDentistChoice,E-Commerce,Medical Supplies eTailer,Hyderabad,Undisclosed investors,Seed / Angel,150000.0,,2016,5
1678,2016-05-04,Active.ai,Technology,Intelligent Tech platform for Finance vertical,Singapore,Kalaari Capital Accelerator Program,Seed / Angel,500000.0,,2016,5
1679,2016-05-04,Affordplan,Technology,Affordable non-emergency medical service health plans,Delhi,Kalaari Capital Accelerator Program,Seed / Angel,500000.0,,2016,5
1680,2016-05-04,Indee,Consumer Internet,Web Video Streaming Platform,Bengaluru,Kalaari Capital Accelerator Program,Seed / Angel,500000.0,,2016,5
1682,2016-05-05,WebAlligator,Consumer Internet,Cloud Based Software Solutions,Bengaluru,Group of undisclosed Angel Investors & HNIs,Seed / Angel,375000.0,,2016,5
1683,2016-05-06,EduAce Services,Education,Education Workshops & mentoring programs,Lucknow,MoMagic Technologies,Private Equity,1000000.0,,2016,5
1685,2016-05-07,Zebroads,Logistics,Logistics and Warehousing services,Hyderabad,Undisclosed investors,Seed / Angel,75000.0,,2016,5
1686,2016-05-09,Locus,Technology,Logistics Intelligence platform,Bengaluru,"Exfinity Venture Partners, Blume Ventures, BeeNext, Rajesh Ranavat",Private Equity,2750000.0,,2016,5
1687,2016-05-09,Toko Innovations,Consumer Internet,Childrens Entertainment Portal,Bengaluru,"Roopak Saluja, Vishal Khare",Seed / Angel,450000.0,,2016,5
1688,2016-05-09,Rentickle,E-Commerce,"Furniture, appliances Portal",Delhi,"Manish Kheterpal, Vinay Mittal, Dinesh Mittal, Sandeep Gupta",Seed / Angel,250000.0,,2016,5
1689,2016-05-10,HealthifyMe,Consumer Internet,Health & Fitness App,Bengaluru,"IDG Ventures India, Inventus Capital, Blume Ventures",Private Equity,6000000.0,,2016,5
1690,2016-05-10,Zarget,Consumer Internet,Conversion Rate Optimization Platform,Chennai,"Accel Partners, Matrix Partners, Girish Mathrubootham",Private Equity,1500000.0,,2016,5
1691,2016-05-10,InnoNano Research,Technology,Clean Water Technology,Chennai,NanoHoldings,Private Equity,18000000.0,,2016,5
1692,2016-05-10,SchoolWear,E-Commerce,School Uniform & Supplies Marketplace,Mumbai,Undisclosed investors,Seed / Angel,1500000.0,,2016,5
1693,2016-05-10,Swiggy,Consumer Internet,Food Delivery Platform,Bengaluru,"Norwest Venture Partners, DST Global, Accel Partners",Private Equity,7000000.0,,2016,5
1694,2016-05-11,Zenify,Consumer Internet,Home rental Discovery & Booking Portal,Bengaluru,Undisclosed Investors,Private Equity,900000.0,,2016,5
1696,2016-05-11,Fractal Analytics,Technology,Data Analytics Company,Mumbai,Khazanah Nasional Berhad,Private Equity,100000000.0,,2016,5
1697,2016-05-12,Unacademy,Consumer Internet,Free Online Education Platform,Bengaluru,"Blume Ventures, Rajan Anandan, Sumit Jain, Aprameya Radhakrishna, Sujeet Kumar, Phanindra Sama",Seed / Angel,500000.0,,2016,5
1698,2016-05-12,Capital Float,Consumer Internet,Online Lending Platform,Bengaluru,"Creation Investments Capital Management, SAIF Partners, Sequoia Capital, Aspada Ventures",Private Equity,25000000.0,,2016,5
1699,2016-05-12,Life Circle,Healthcare,Senior Healthcare Services,Hyderabad,GROUPE SOS,Private Equity,150000.0,,2016,5
1704,2016-05-13,StayZilla,Consumer Internet,Budget Room Aggregator Booking platform,Chennai,"Matrix Partners, Nexus Ventures",Private Equity,13500000.0,,2016,5
1705,2016-05-13,WoW Express,Logistics,E-Commerce Logistics Solutions,Mumbai,Undisclosed Investors & Tamarind Family Private Trust,Private Equity,2200000.0,,2016,5
1706,2016-05-16,Smartivity,E-Commerce,Smart Learning products,Delhi,"S Chand, AdvantEdge Partners",Private Equity,1000000.0,,2016,5
1711,2016-05-18,TheSmartQ,Consumer Internet,Food Ordering Mobile App,Bengaluru,YourNest Angel Fund,Seed / Angel,250000.0,,2016,5
1712,2016-05-18,PurpleHealth,Consumer Internet,Online health-on-demand platform,Trivandrum,Katabole Technology Venture,Seed / Angel,100000.0,,2016,5
1714,2016-05-18,EduPristine,Education,Online Certification Courses,Mumbai,"Kaizen Management Advisors, DeVry Inc",Private Equity,10000000.0,,2016,5
1715,2016-05-18,BhiveWorkspace,Reality,Co-Working Spaces,Bengaluru,Blume Ventures,Private Equity,1000000.0,,2016,5
1717,2016-05-19,Appie,Consumer Internet,Location-based offline retail discovery platform,Mumbai,Undisclosed investors,Seed / Angel,1000000.0,,2016,5
1719,2016-05-19,TaxiVaxi,Consumer Internet,Cab Aggregating Platform,Delhi,Undisclosed HNIs,Seed / Angel,500000.0,,2016,5
1720,2016-05-19,Veqta,Consumer Internet,On Demand Digital Sports Network,Delhi,"Chatsworth Management, ITW Digital",Seed / Angel,500000.0,,2016,5
1721,2016-05-20,i2ifunding,Consumer Internet,Online Peer to Peer Funding,Noida,Undisclosed Investors,Seed / Angel,300000.0,,2016,5
1723,2016-05-23,Hoppingo,Consumer Internet,Fashion Discovery platform,Delhi,vCommission,Seed / Angel,89000.0,,2016,5
1725,2016-05-24,Goalwise,Consumer Internet,Online investment platform,Bengaluru,Undisclosed HNIs,Seed / Angel,1000000.0,,2016,5
1727,2016-05-25,Address Health,Healthcare,Pediatric Primary Healthcare Network,Bengaluru,Gray Matters Capital,Private Equity,1500000.0,,2016,5
1728,2016-05-25,Arcatron Mobility,Technology,Mobility Devices for differently abled,Pune,Sudhir Mehta,Seed / Angel,100000.0,,2016,5
1730,2016-05-26,Cleartax,Consumer Internet,Online Income Tax Filing platform,Bengaluru,"FF Angel, Sequoia Capital",Private Equity,2000000.0,,2016,5
1732,2016-05-26,mChamp,Consumer Internet,Celebrity Entertainment Contest App,Delhi,MoMagic Technologies,Seed / Angel,475000.0,,2016,5
1734,2016-05-30,Vahanalytics,Technology,Safe driving Analytics platform,Mumbai,"Anirudh Damani, Vikram Lakhotia",Seed / Angel,200000.0,,2016,5
1736,2016-05-31,Koovs,E-Commerce,Apparel & Lifestyle eTailer,Delhi,HT Media Ltd,Private Equity,4400000.0,,2016,5
1737,2016-05-31,CCavenue,Consumer Internet,Payment Gateway,Mumbai,NSI Infinium Global Pvt. Ltd,Private Equity,8900000.0,,2016,5
1740,2016-05-31,MachaDalo,Consumer Internet,Hyperlocal Advertising Platform,Mumbai,Undisclosed Investors,Seed / Angel,175000.0,,2016,5
1741,2016-04-01,Dil Mil,Consumer Internet,Matchmaking Mobile App,San Francisco,"Nelstone Ventures, Transmedia Capital, Maiden Lane Ventures, CSC Upshot & Angel investors",Private Equity,2700000.0,,2016,4
1746,2016-04-04,Hungama,Consumer Internet,Digital Media Entertainment Portal,Mumbai,Xiaomi Inc,Private Equity,25000000.0,,2016,4
1751,2016-04-06,Shipsy,Logistics,Logistics Solutions,Gurugram,DTDC Express Ltd,Private Equity,1000000.0,,2016,4
1752,2016-04-06,gear6,Consumer Internet,Online bike service and repairs platform,Bengaluru,Ninestarter,Seed / Angel,500000.0,,2016,4
1753,2016-04-06,MyGlamm,Consumer Internet,Mobile based on-demand Beauty Services platform,Mumbai,LOccitane,Private Equity,6000000.0,,2016,4
1754,2016-04-06,Petoo,Consumer Internet,Online Food Delivery Platform,Bengaluru,Axilor Ventures,Private Equity,1000000.0,,2016,4
1758,2016-04-08,imedilane,Consumer Internet,Online Health Diagnosis platform,Delhi,"Mahendra Patel, Nilender Chauhan",Seed / Angel,40000.0,,2016,4
1759,2016-04-11,Living Local,Consumer Internet,Social discovery platform,Mumbai,Rattan Chadha,Seed / Angel,200000.0,,2016,4
1761,2016-04-11,Oyo,Consumer Internet,Online Branded Budget Room Booking Service,Delhi,"Softbank, Sequoia Capital, Lightspeed Venture Partners, Greenoaks Capital, DSG Consumer Partners and Venture Nursery",Private Equity,100000000.0,,2016,4
1762,2016-04-11,PriceRaja,Consumer Internet,Price Comparison Portal,Gurugram,Prashant Puri,Seed / Angel,300000.0,,2016,4
1763,2016-04-12,MagicX,Consumer Internet,On-Demand Task Management App,Bengaluru,"Kris Gopalakrishnan, Dr. Ranjan Pai",Seed / Angel,1000000.0,,2016,4
1767,2016-04-13,Legalraasta,Consumer Internet,Online legal Services for Startups,Delhi,"Pravin Khandelwal, Yatin Kumar Jain",Seed / Angel,1000000.0,,2016,4
1768,2016-04-13,RainCan,Consumer Internet,Subscription-based grocery delivery Mobile App,Pune,Dr. Aniruddha Malpani,Seed / Angel,150000.0,,2016,4
1769,2016-04-13,Hippily,E-Commerce,Fashion ECommerce App,Mumbai,"Dr. Sridhar Ramaswamy, Rakesh Mathur",Seed / Angel,250000.0,,2016,4
1770,2016-04-13,kredX,E-Commerce,Invoice discounting Marketplace,Bengaluru,"Prime Venture Partners,",Seed / Angel,750000.0,,2016,4
1772,2016-04-14,BeaconsTalk,Technology,contextual mobile advertising,Mumbai,"Rajeev Agrawal, Prashant Gooty",Seed / Angel,100000.0,,2016,4
1774,2016-04-15,RenewBuy,Consumer Internet,Online Car & Bike Insurance Comparison portal,Delhi,Mount Nathan Advisors,Seed / Angel,1000000.0,,2016,4
1776,2016-04-15,Vyomo,Consumer Internet,On-Demand Beauty Service provider,Delhi,Naturals Salon Chain,Private Equity,15000000.0,,2016,4
1779,2016-04-15,NestAway,Consumer Internet,Furnished Home Rental Platform,Bengaluru,Tiger Global,Private Equity,30000000.0,,2016,4
1780,2016-04-15,Tapchief,Consumer Internet,Expert Advice Platform,Bengaluru,Vijay Shekhar Sharma,Seed / Angel,150000.0,,2016,4
1785,2016-04-18,Jugnoo,Consumer Internet,On-demand Delivery & Logistics platform,Chandigarh,Paytm & existing investors,Private Equity,10000000.0,,2016,4
1787,2016-04-19,Betaout,E-Commerce,customer intelligence and marketing automation platform,Noida,"Stanford Angels, LetsVenture, Chennai Angels, Hyderabad Angels, Mumbai Angels",Private Equity,1500000.0,,2016,4
1788,2016-04-19,DriversCart,Consumer Internet,on-demand chauffeur provider,Chennai,ah! Ventures,Seed / Angel,450000.0,,2016,4
1790,2016-04-19,CollegeDekho,Consumer Internet,College & Student information platform,Delhi,Man Capital,Private Equity,2000000.0,,2016,4
1794,2016-04-20,1mg,E-Commerce,Online Pharmacy,Gurugram,"Maverick Capital Ventures, Sequoia Capital, Omidyar Network",Private Equity,15000000.0,,2016,4
1801,2016-04-22,Licious,E-Commerce,Mobile based Meat ordering App,Bengaluru,Mayfield India II Management Ltd,Private Equity,3000000.0,,2016,4
1804,2016-04-22,TOKO Innovation Studios,Consumer Internet,Childrens Entertainment Games & Products,Delhi,Indian Angel network,Seed / Angel,450000.0,,2016,4
1805,2016-04-25,Commut,Consumer Internet,Shuttle Service Provider,Hyderabad,50K Ventures,Seed / Angel,200000.0,,2016,4
1807,2016-04-25,Dropkaffe,Food & Beverage,Ready-to-Drink Beverage Producer,Bengaluru,"GrowthStory, Apurva Salapuria, Hitesh Oberoi, Sidharth Pansari, Nirupa Shankar",Seed / Angel,550000.0,,2016,4
1808,2016-04-26,Transerv,Consumer Internet,Digital Payments platform,Mumbai,"IDFC SPICE Fund, Micromax Informatics",Private Equity,15000000.0,,2016,4
1809,2016-04-26,ClearTax,Consumer Internet,Online filing of Tax returns,Bengaluru,"Max Levchin, Scott Banister",Private Equity,1300000.0,,2016,4
1810,2016-04-26,Roposo,E-Commerce,Social Fashion ECommerce Discovery platform,Gurugram,Bertelsmann India Investments,Private Equity,15000000.0,,2016,4
1811,2016-04-27,MilkBasket,Consumer Internet,Micro Grocery Delivery Platform,Gurugram,EVC Ventures,Seed / Angel,500000.0,,2016,4
1814,2016-04-27,ICHR,Consumer Internet,Mobile based Children health Information app,Delhi,Undisclosed,Seed / Angel,450000.0,,2016,4
1816,2016-04-28,The Wedding Brigade,Consumer Internet,Online Wedding Information Portal,Mumbai,Blume Ventures & Other unnamed Investors,Seed / Angel,600000.0,,2016,4
1817,2016-04-28,DocsApp,Consumer Internet,Online Doctor Discovery & Chat platform,Bengaluru,"Rebright Partners, Anand Rajaraman, Venky Harinarayan",Private Equity,1200000.0,,2016,4
1818,2016-04-29,Impact Guru,Consumer Internet,Online Crowdfunding platform for NGOs & Social Projects,Mumbai,"RB Investments, Fundnel",Seed / Angel,500000.0,,2016,4
1819,2016-04-29,LetReach,E-Commerce,ECommerce SAAS Solutions,Delhi,vCommission,Private Equity,100000.0,,2016,4
1824,2016-03-02,MoMark,Consumer Internet,Mobile Wallet Aggregation platform,Noida,YourNest Angel Fund,Private Equity,600000.0,,2016,3
1826,2016-03-02,Systemantics,Technology,Industrial robots maker,Bengaluru,"Nandan Nilekani, Accel Partners",Private Equity,1400000.0,,2016,3
1828,2016-03-03,Imarticus Learning,Education,Financial Services & Analytics Education Institute,Mumbai,"Blinc Advisors, Amit Nanavati, Tashwinder Singh, Taranjit Jaswal, Amit Khanna",Private Equity,1000000.0,,2016,3
1829,2016-03-03,Shouut,Consumer Internet,Social Discovery Mobile app,Delhi,Undisclosed investor,Seed / Angel,500000.0,,2016,3
1831,2016-03-04,Aahaa,E-Commerce,Office Products Super Store,Chennai,"YourNest Angel Fund,",Private Equity,1000000.0,,2016,3
1833,2016-03-04,FTCash,Consumer Internet,Mobile Payments Platform,Kolkata,IvyCap Ventures,Seed / Angel,150000.0,,2016,3
1835,2016-03-04,Zappka,Consumer Internet,Mobile App discovery and review platform,Gurugram,"Daman Soni, Rajat Gupta & Others",Seed / Angel,100000.0,,2016,3
1837,2016-03-04,medECUBE,Healthcare,Healthcare related Services provider,Gurugram,Artiman Ventures,Private Equity,4000000.0,,2016,3
1838,2016-03-07,N.O.W,Consumer Internet,Bike Taxi Service & Hyperlocal Delivery App,Noida,"Ruchirans Jaipuria, Anuj Sanghi",Seed / Angel,500000.0,,2016,3
1839,2016-03-07,Ninjacart,E-Commerce,B2B marketplace for Farmers & Retailers,Bengaluru,"Accel Partners, Qualcomm Ventures, M&S Partners, Zop Smart",Private Equity,3000000.0,,2016,3
1840,2016-03-07,Reach,Consumer Internet,Cross Platform P2P file sharing mobile app,Bengaluru,"Rebright Partners, Sol Primero, Sudhir Anandarao, Ankur Warikoo, Ankur Singla",Seed / Angel,500000.0,,2016,3
1841,2016-03-07,Vanity Cube,Consumer Internet,Hyperlocal Beauty Services platform,Delhi,Unicorn Ventures,Seed / Angel,250000.0,,2016,3
1843,2016-03-07,Medidaili,Consumer Internet,Medical Support service platform,Bengaluru,Undisclosed private investors,Seed / Angel,100000.0,,2016,3
1847,2016-03-08,LoveCycles,Consumer Internet,Womens health Tracker,Bengaluru,Prime Venture Partners,Seed / Angel,750000.0,,2016,3
1848,2016-03-08,Kartrocket,E-Commerce,ECommerce SAAS platform,Delhi,"Undisclosed Japanese investor, Bertelsmann India Investments, Nirvana Digital India Fund, Nirvana Digital Investment Holding Co Ltd, 500 Start-Ups",Private Equity,8000000.0,,2016,3
1849,2016-03-08,dunzo,Consumer Internet,Daily Task Management App,Bengaluru,"Aspada Investment Advisors, Blume Ventures.",Seed / Angel,650000.0,,2016,3
1851,2016-03-09,SmartVizX,Technology,Virtual Reality Solutions,Noida,"Indian Angel Network, Stanford Angels, Entrepreneurs India",Seed / Angel,500000.0,,2016,3
1852,2016-03-09,MyGubbi,Real Estate,Interior Design & Home Dcor Solutions,Bengaluru,"Vipul Parekh, ajesh K Murthy,",Seed / Angel,2500000.0,,2016,3
1853,2016-03-09,Nukkad Shops,Consumer Internet,Hyperlocal Grocery Delivery Service,Hyderabad,PurpleTalk Inc,Seed / Angel,1000000.0,,2016,3
1855,2016-03-09,Justride,Consumer Internet,Self Drive Car Rental,Mumbai,Dheeraj Jain & Other angel investors,Seed / Angel,400000.0,,2016,3
1857,2016-03-10,Big Fish Ventures,Food & Beverage,premium dining lounges Chain,Delhi,Undisclosed investors,Private Equity,11100000.0,,2016,3
1859,2016-03-10,Icertis,Technology,Contract Management Software Solutions platform,Pune,"Ignition Partners, Greycroft Partners, Fidelity Growth Partners India",Private Equity,15000000.0,,2016,3
1860,2016-03-10,Supplified,E-Commerce,Construction material eTailer,Delhi,Mohit Goel,Seed / Angel,1000000.0,,2016,3
1862,2016-03-14,PinkBlue,E-Commerce,Medical Supplies eTailer,Bengaluru,"Hari Krishna, Ajay Modani, Dr V Ravinder, Anirudh Rastogi, Abhishek Jain, Rakesh Gakhar, Rajeev Mudumba, Nagendra Prasad Bhanuprakash",Seed / Angel,223608.0,,2016,3
1863,2016-03-14,TruckingCube,Logistics,"Domestic, Commercial, and Industrial Goods Movers",Delhi,Agarwal Movers Group,Private Equity,14900000.0,,2016,3
1865,2016-03-15,FlipClass,Consumer Internet,Tutor Search Platform,Bengaluru,"S Chand and Co Pvt Ltd, Blume Ventures",Private Equity,1000000.0,,2016,3
1866,2016-03-15,Proximit,Technology,Advertising Technology,Pune,Funding through 1Crowd platform,Seed / Angel,150000.0,,2016,3
1867,2016-03-15,WithMe,Consumer Internet,Personalized Fashion App,Gurugram,"Alex Kuruvilla, Pradeep Guha, Saket Dhankar, Rajan Pandhare",Seed / Angel,250000.0,,2016,3
1868,2016-03-16,Gapoon,Consumer Internet,Hyperlocal Home Maintenance services,Bengaluru,"Chandrashekar Tallapragada, Pankaj Kapoor",Seed / Angel,180000.0,,2016,3
1871,2016-03-16,Wealthy,Consumer Internet,Online Investment management portal,Bengaluru,"Zishaan Hayath, Abhishek Goyal, Arjun and Rohan Malhotra, Harpreet Singh Grover, Gagan Dugal",Seed / Angel,250000.0,,2016,3
1872,2016-03-17,Pramati,Healthcare,Specialized Patient Care platform,Noida,Undisclosed investors,Seed / Angel,200000.0,,2016,3
1873,2016-03-17,Qlivery,Consumer Internet,Ondemand Concierge Service,Gurugram,Swastika Company Ltd,Seed / Angel,230000.0,,2016,3
1874,2016-03-17,HealthEnablr,Consumer Internet,Doctor Discovery and booking platform,Mumbai,Undisclosed investors,Seed / Angel,800000.0,,2016,3
1875,2016-03-17,Liftiee,Consumer Internet,Car/ bike Pooling App,Mumbai,"Rannvijay Singh, Anita Hassanandani",Seed / Angel,108000.0,,2016,3
1876,2016-03-18,Hello Curry,Food & Beverage,Quick Service Restaurant Chain,Hyderabad,Sashi Reddi & Other unnamed investors,Private Equity,1500000.0,,2016,3
1877,2016-03-19,goSporto,Consumer Internet,Online Sports discovery and booking platform,Delhi,Naveen Gupta,Seed / Angel,30000.0,,2016,3
1880,2016-03-21,Room On Call,Consumer Internet,Budget hotel aggregator,Gurugram,CASHurDRIVE Marketing Pvt Ltd,Private Equity,2000000.0,,2016,3
1881,2016-03-22,Byjus,Consumer Internet,Educational Video Content Creator,Bengaluru,"Sequoia India, Sofina",Private Equity,75000000.0,,2016,3
1882,2016-03-22,BigBasket,E-Commerce,Online Grocery Shop,Bengaluru,Abraaj Group,Private Equity,150000000.0,,2016,3
1883,2016-03-22,DrivoJoy,Consumer Internet,On-demand 2-wheeler Servicing platform,Bengaluru,"Indian Angel Network, Tracxn Labs & Others",Seed / Angel,600000.0,,2016,3
1886,2016-03-22,CreditSeva,Consumer Internet,Online Credit management tools,Hyderabad,"Pix Vine Capital, Infocomm Development Authority of Singapore",Seed / Angel,360000.0,,2016,3
1888,2016-03-23,Endless Robotics,Technology,Interior Painting Automation,Hyderabad,"Devidas Desai, Vipul Gautam, Singapore Angel Network",Seed / Angel,100000.0,,2016,3
1889,2016-03-23,SP Robotics,Technology,Robotic Classes for Students,Chennai,"Indian Angel Network,",Seed / Angel,300000.0,,2016,3
1891,2016-03-23,eKincare,Consumer Internet,Healthcare related solutions,Hyderabad,"BitChemy Ventures, Maheshwari Investments Pvt Ltd, Anshoo Gaur, Rama Krishna Reddy, Sandeep Seerapu",Private Equity,330000.0,,2016,3
1893,2016-03-23,Wheelstreet,Consumer Internet,Online Bike Rental platform,Bengaluru,Broadbean Capital services,Private Equity,500000.0,,2016,3
1894,2016-03-24,Horntell,Consumer Internet,Unified Push Notification service,Gurugram,"Bharanidharan Viswanathan, Sanjiv Mittal, Shobhit Shukla, Rahul Agarwal",Seed / Angel,150000.0,,2016,3
1895,2016-03-28,Schoolkart,E-Commerce,Online Marketplace for Schools,Noida,Undisclosed investors,Seed / Angel,300000.0,,2016,3
1897,2016-03-29,Babygogo,Consumer Internet,Child healthcare experts aggregator mobile app,Delhi,"Rajul Garg, Daljit Singh, Aditya Vij, Kishore Kumar, Shuchin Bajaj",Seed / Angel,300000.0,,2016,3
1898,2016-03-29,Veritas Finance,Finance,Asset Based Lending platform,Chennai,Sarva Capital,Private Equity,4700000.0,,2016,3
1899,2016-03-29,QikShip,Consumer Internet,Mobile based Logistics provider,Delhi,undisclosed investors,Seed / Angel,200000.0,,2016,3
1900,2016-03-29,FixNix,Consumer Internet,GRC SAAS Platform,Chennai,Jay Vijayan,Seed / Angel,500000.0,,2016,3
1902,2016-03-30,Touchkin,Healthcare,Predictive Healthcare platform,Bengaluru,"Alok Mittal, Amit Gupta, Anuj Srivastava, Himanshu Aggarwal, Raghunandan G, Puneet Agarwal",Seed / Angel,400000.0,,2016,3
1906,2016-02-02,Altizone,Technology,IoT & M2M Solutions,Pune,"Wipro Ventures, Lumis Partners",Private Equity,4000000.0,,2016,2
1908,2016-02-02,Strike,Consumer Internet,Mobile Email productivity tool,Bengaluru,Multiple investors through Ten Minute Million competition,Seed / Angel,22500.0,,2016,2
1909,2016-02-02,MaaxMarket,Consumer Internet,Marketing Automation platform,Unknown,Multiple investors through Ten Minute Million competition,Seed / Angel,22500.0,,2016,2
1910,2016-02-02,Gamooz,Technology,Augmented Reality Solutions,Gurugram,Multiple investors through Ten Minute Million competition,Seed / Angel,22500.0,,2016,2
1911,2016-02-02,SoundSurround,Technology,Audio Technology Solutions,Mumbai,Multiple investors through Ten Minute Million competition,Seed / Angel,22500.0,,2016,2
1912,2016-02-03,Mazkara,Consumer Internet,Beauty & Wellness Platform,Pune,Dunamis Ventures Pte Ltd.,Seed / Angel,1000000.0,,2016,2
1913,2016-02-03,RoadGods,E-Commerce,Auto Spare Parts eTailer,Delhi,Green House Ventures (GHV),Seed / Angel,100000.0,,2016,2
1914,2016-02-03,Pindropmusic,Consumer Internet,Music Discovery Mobile App,Noida,Green House Ventures (GHV),Seed / Angel,100000.0,,2016,2
1915,2016-02-03,Woodpie,Consumer Internet,Book Recommendation Service,Bengaluru,Ingram Content Group,Seed / Angel,30000.0,,2016,2
1916,2016-02-04,Perfumery,E-Commerce,Fragrances & Perfume eTailer,Delhi,Oranda Global & Others,Seed / Angel,30000.0,,2016,2
1918,2016-02-05,ZenDrive,Technology,Safe Driving Data & Analytics platform,Bengaluru,"Sherpa Capital, Nyca Partners and Thomvest Ventures",Private Equity,13500000.0,,2016,2
1922,2016-02-05,Gingercrush,E-Commerce,Personalized Products & Merchandize eTailer,Vadodara,"Saha Fund, TV Mohandas Pai, Zia Mody, Mumbai Angels, Ananda Kallugadde, Rakesh Desai, Rakesh Malhotra",Private Equity,1000000.0,,2016,2
1923,2016-02-05,American Vision,Consumer Internet,Optical Store Aggregator Platform,Pune,Undisclosed investors,Seed / Angel,81000.0,,2016,2
1924,2016-02-05,DawaiLelo,Consumer Internet,Healthcare Services & Online Pharmacy Mobile App,Varanasi,Undisclosed investors,Seed / Angel,52000.0,,2016,2
1925,2016-02-06,Heads Up For Tails,E-Commerce,Pet Products eTailer,Delhi,Undisclosed investors,Seed / Angel,1000000.0,,2016,2
1928,2016-02-08,iStyleYou,Consumer Internet,Personal Fashion Stylist App,Gurugram,Green House Ventures (GHV),Seed / Angel,100000.0,,2016,2
1929,2016-02-08,AdUrCup,Consumer Internet,Ad Network,Delhi,Green House Ventures (GHV),Seed / Angel,100000.0,,2016,2
1933,2016-02-08,Xpressbees,E-Commerce,ECommerce Logistics solutions,Pune,"SAIF Partners, IDG Ventures India, Vertex Ventures, Valiant Capital",Private Equity,12500000.0,,2016,2
1938,2016-02-10,Capzest,Consumer Internet,Digital Lending Platform,Mumbai,Lion Ventures,Seed / Angel,200000.0,,2016,2
1940,2016-02-10,Affimity,Consumer Internet,Social Networking platform,Bengaluru,undisclosed investors,Seed / Angel,1200000.0,,2016,2
1941,2016-02-10,Anandakanda,Technology,Medicine Intake Reminder System,Pune,undisclosed investors,Seed / Angel,150000.0,,2016,2
1946,2016-02-12,ActOnMagic,Technology,Cloud Analytics and Management Products,Bengaluru,Jayabalan Subramanian,Seed / Angel,125000.0,,2016,2
1947,2016-02-12,Bonhomia,Food & Beverage,premium Tea and Coffee,Delhi,"Alok Rawat, Grey Orange Robotics",Seed / Angel,1000000.0,,2016,2
1948,2016-02-12,iGrenEnergi,Technology,Solar Power Solutions,Mumbai,Sunil Mehta,Seed / Angel,1000000.0,,2016,2
1949,2016-02-12,RKSV,Consumer Internet,Online Stock Trading Platform,Mumbai,Kalaari Capital,Private Equity,4000000.0,,2016,2
1950,2016-02-15,Aasaanjobs,Consumer Internet,Online Recruitment Marketplace,Mumbai,"Aspada Advisors, IDG Ventures, Inventus Capital",Private Equity,5000000.0,,2016,2
1951,2016-02-15,Snapdeal,E-Commerce,Horizontal Online Marketplace,Delhi,Ontario Teachers Pension Plan & Others,Private Equity,200000000.0,,2016,2
1954,2016-02-15,GoYaNo,Consumer Internet,Events & Restaurant Discovery Marketplace App,Gurugram,Mukesh Kumar Gupta,Seed / Angel,50000.0,,2016,2
1955,2016-02-15,RentSher,Consumer Internet,Online Household Product Rental platform,Bengaluru,"Vaibhav Doshi, Abhay Singhal, Vibhu Garg, Joby Babu, Abhishek Acharya, Manish Shah",Seed / Angel,300000.0,,2016,2
1956,2016-02-15,Buddy,Finance,Micro Lending Platform for eCommerce purchases,Bengaluru,"Blume Ventures, Tracxn Labs",Seed / Angel,500000.0,,2016,2
1958,2016-02-16,TableHero,Consumer Internet,Dynamic Restaurant Website creator,Bengaluru,"GrowX Ventures, Kunal Shah, Sandeep Tandon, Haresh Chawla, Powai Lake Ventures, Globevestor",Seed / Angel,1000000.0,,2016,2
1959,2016-02-16,BetterPlace,Technology,Data analytics based Verification services Platform,Bengaluru,Unitus Seed Fund,Seed / Angel,970000.0,,2016,2
1961,2016-02-16,icustommadeit,E-Commerce,Professional Custom creators Marketplace,Pune,"Brand Capital, Siddhivinayak Skyscrapers, Dinesh R. Challa",Private Equity,4000000.0,,2016,2
1965,2016-02-17,GameZop,Technology,Mobile Gaming Platform,Delhi,"KWAN Entertainment & Marketing Solutions, Powerhouse Ventures & Others",Seed / Angel,350000.0,,2016,2
1967,2016-02-17,The Viral Fever,Consumer Internet,Independent Online Video production company,Mumbai,Tiger Global,Private Equity,10000000.0,,2016,2
1968,2016-02-17,Avanti Learning,Education,Private Coaching Classes,Delhi,Michael & Susan Dell Foundation,Private Equity,5000000.0,,2016,2
1971,2016-02-18,HealthKumbh,Consumer Internet,Health related Information portal,Ahmedabad,Undisclosed investor,Seed / Angel,73000.0,,2016,2
1974,2016-02-18,Careongo,E-Commerce,Online Pharmacy store,Delhi,Farooq Oomerbhoy & Other angel investors,Seed / Angel,300000.0,,2016,2
1975,2016-02-18,Ark Robot,Technology,Warehouse Automation,Bengaluru,Qualcomm (Through QPrize Contest),Seed / Angel,350000.0,,2016,2
1976,2016-02-19,Jaypore,E-Commerce,Ethnic Products marketplace,Delhi,Aavishkaar,Private Equity,5000000.0,,2016,2
1979,2016-02-19,Advantage Club,Consumer Internet,mobile platform for corporate employee benefits,Gurugram,Purvi Ventures & Others,Seed / Angel,400000.0,,2016,2
1981,2016-02-22,Baby Berry,Consumer Internet,Parenting Mobile app,Bengaluru,Nitin Bagmane & Other undisclosed investors,Seed / Angel,1000000.0,,2016,2
1982,2016-02-22,Magicpin,Consumer Internet,Hyperlocal Discover Mobile App,Delhi,Lightspeed India,Private Equity,3000000.0,,2016,2
1983,2016-02-22,First Eat,Consumer Internet,Healthy Food Delivery platform,Delhi,Undisclosed investor,Seed / Angel,100000.0,,2016,2
1985,2016-02-22,Taskbob,Consumer Internet,Hyperlocal Handyman services platform,Mumbai,"IvyCap Ventures, Orios Venture Partners, Mayfield India",Private Equity,4500000.0,,2016,2
1986,2016-02-22,Styledotme,Consumer Internet,Mobile Fashion App,Delhi,Indian Angel Network,Seed / Angel,37000.0,,2016,2
1988,2016-02-23,CupoNation,Consumer Internet,Deals and Discount platform,Gurugram,"Rocket Internet AG, Holtzbrink Ventures, New Enterprise Associates (NEA), e.ventures, ru-Net, Deutsche Telekom Strategic Investments (DTSI), Silicon Valley Bank",Private Equity,11000000.0,,2016,2
1990,2016-02-24,Sayfix,Consumer Internet,Hyperlocal Home Services Provider,Bengaluru,Yajnanarayana Kammaje,Seed / Angel,160000.0,,2016,2
1992,2016-02-24,NoBroker,Consumer Internet,Peer to peer property listing platform,Bengaluru,"Beenext, Digital Garage, Beenos, Qualgro, Mamoru Taniya, SAIF Partners",Private Equity,10000000.0,,2016,2
1993,2016-02-24,AppilyEver,Consumer Internet,Online wedding services marketplace,Hyderabad,"Varun Aggarwal, Suresh Venkat, Raj Y",Seed / Angel,400000.0,,2016,2
1994,2016-02-24,Pocketin,Consumer Internet,Hotel reservations & Deal platform,Noida,Swastika Company Ltd,Seed / Angel,150000.0,,2016,2
1996,2016-02-25,OfBusiness,E-Commerce,B2B commerce Marketplace,Gurugram,Matrix Partners India,Private Equity,5000000.0,,2016,2
1998,2016-02-25,Juspay,Consumer Internet,Digital Payments solutions,Bengaluru,"Accel Partners, Ashish Hemrajani, Parikshit Dar, Rajesh Balpande",Private Equity,5800000.0,,2016,2
1999,2016-02-25,Funcart,E-Commerce,Party Supplies Etailer,Delhi,Undisclosed HNIs,Seed / Angel,70000.0,,2016,2
2000,2016-02-26,Freedom Smart Labs,Technology,IoT retail solutions,Delhi,Kapil Goel,Seed / Angel,145000.0,,2016,2
2001,2016-02-26,EduBridge,Consumer Internet,Skill development and vocational training platform,Mumbai,"Insitor Impact Asia Fund, Acumen Fund",Private Equity,2500000.0,,2016,2
2003,2016-02-29,Hopscotch,E-Commerce,Baby & Kids Products Online Flash sales platform,Mumbai,Eduardo Saverin,Private Equity,13000000.0,,2016,2
2009,2016-01-04,B9 Beverages,Food & Beverage,Craft Beer manufacturing company,Delhi,"Sequoia Capital, Kunal Bahl, Rohit Bansal, Deepinder Goyal, Ashish Dhawan, Mayank Singhal",Private Equity,6000000.0,,2016,1
2011,2016-01-05,MyChild App,Education,Child Disorder Information & Education,Bhopal,"Samir Bangara, Anisha Mittal, Amit Gupta, Pallav Nadhani, Lalit Mangal, Arihant Patni, Dr. Ritesh Malik, Deobrat Singh, Saurab Paruthi, Singapore Angel Network.",Seed / Angel,100000.0,,2016,1
2013,2016-01-05,360Ride,Consumer Internet,Ride Sharing platform,Bengaluru,Undisclosed,Seed / Angel,150000.0,,2016,1
2014,2016-01-05,Alef Mobitech,Consumer Internet,Cloud Mobility Solutions,Mumbai,Tata Capital Innovation Fund,Private Equity,5000000.0,,2016,1
2017,2016-01-06,Sensara,Technology,"TV Search, Guide and Remote mobile app",Bengaluru,"Lalitesh Katragadda, Ganayantrika Systems",Seed / Angel,750000.0,,2016,1
2018,2016-01-06,Zebpay,Consumer Internet,Bitcoin Buying & Selling Mobile App,Ahmedabad,"Arjun Handa, Amit Jindal, Nagendra Chaudhary",Private Equity,1000000.0,,2016,1
2019,2016-01-06,PlanMy MedicalTrip,Healthcare,Medical Tourism platform,Pune,"Bhanu Vikram Parsotam, Rohan Desai and Paras Patel",Seed / Angel,150000.0,,2016,1
2020,2016-01-06,MyCity4Kids,Education,Children Education & Information platform,Gurugram,"SIDBI Venture Capital Limited, YourNest Angel Fund",Private Equity,3000000.0,,2016,1
2021,2016-01-06,Justdakhila.com,Education,School Student admissions platform,Delhi,Ankur Gupta,Seed / Angel,750000.0,,2016,1
2024,2016-01-07,Infurnia,Consumer Internet,Online Furniture Customization platform,Bengaluru,Idein Ventures,Seed / Angel,160000.0,,2016,1
2025,2016-01-07,Myly,Education,Mobile Based Education platform,Jaipur,Newbie Promoter Pvt Ltd,Seed / Angel,100000.0,,2016,1
2026,2016-01-07,MakeMyTrip,Consumer Internet,Online Travel/Hotel Booking platform,Gurugram,Ctrip.com International Ltd,Private Equity,180000000.0,,2016,1
2027,2016-01-08,Melorra,E-Commerce,Online/ Mobile Jewellery Retailer,Bengaluru,Lightbox Ventures,Private Equity,5000000.0,,2016,1
2028,2016-01-08,ConfirmTKT,Consumer Internet,Train PNR Status Prediction Platform,Bengaluru,"Krishna Jhujhunwala, Dr. Apoorv Ranjan Sharma, Anirudh Damani, Anand Ladsariya, Sanjay Mehta & Others",Seed / Angel,250000.0,,2016,1
2029,2016-01-08,Gyaanzone,Education,Career Planning and Education Advisory Platform,Mumbai,GBIM Technologies Pvt Ltd,Seed / Angel,45000.0,,2016,1
2032,2016-01-11,Koovs,E-Commerce,Online Fashion Apparel Retailer,Gurugram,"Nahata Family, Waheed Alli",Private Equity,5400000.0,,2016,1
2034,2016-01-11,FreshMenu,Consumer Internet,Online / Mobile Food Ordering platform,Bengaluru,"Zodius Capital, Lightspeed Venture Partners",Private Equity,16500000.0,,2016,1
2035,2016-01-11,SavvyMob,E-Commerce,Last Minute Hotel Bookings mobile marketplace,Bengaluru,"TV Mohandas Pai, LetsVenture",Seed / Angel,1000000.0,,2016,1
2037,2016-01-12,Shopclues,E-Commerce,ECommerce Marketplace,Gurugram,"GIC, Tiger Global Management, Nexus Venture Partners",Private Equity,100000000.0,,2016,1
2039,2016-01-12,iBus Networks,Technology,Next Generation in-building connectivity,Bengaluru,"Vallabh Bhanshali, N Squared Management LLC, Jagdish & Sandeep Mehta Family Office",Private Equity,2300000.0,,2016,1
2040,2016-01-12,Happy2Refer,Consumer Internet,Mobile based Referral Platform,Mumbai,"Equity Crest, Vinners, Sparknext",Seed / Angel,250000.0,,2016,1
2041,2016-01-13,CarTrade,Consumer Internet,Auto Classifieds Portal,Mumbai,"Temasek Holdings, March Capital, Warburg Pincus",Private Equity,145000000.0,,2016,1
2042,2016-01-13,Rentomo,Consumer Internet,peer-to-peer renting Marketplace,Bengaluru,Shiva Ashok & Other unnamed investors,Seed / Angel,100000.0,,2016,1
2043,2016-01-13,Roder,Consumer Internet,inter-city cab aggregator,Delhi,Unicorn India Ventures,Seed / Angel,240000.0,,2016,1
2045,2016-01-13,Care24,Healthcare,Professional Health Services Platform,Mumbai,"SAIF Partners, India Quotient",Private Equity,4000000.0,,2016,1
2049,2016-01-14,Orahi,Consumer Internet,Carpooling Mobile App,Gurugram,Indian Angel Network,Seed / Angel,520000.0,,2016,1
2052,2016-01-15,Fitso,Consumer Internet,Fitness related Social Networking App & Forum,Gurugram,"Varun Khurana, Samar Singla, Vinay Bansal,",Seed / Angel,200000.0,,2016,1
2058,2016-01-18,Kartrocket,Consumer Internet,SAAS DIY ECommerce Platform,Delhi,"Bertelsmann India Investments, Nirvana Digital India Fund, Nirvana Digital Investment Holding, 500 Startups",Private Equity,6000000.0,,2016,1
2059,2016-01-19,Swiggy,Consumer Internet,Online/Mobile food ordering platform,Bengaluru,"Harmony Partners, RB Investments & existing investors",Private Equity,35000000.0,,2016,1
2063,2016-01-19,DailyObjects,E-Commerce,Mobile Accessories etailer,Delhi,"Unilazer Fund, Phanindra Sama, Peyush Bansal",Private Equity,1400000.0,,2016,1
2064,2016-01-19,Indus OS,Technology,Local language Mobile OS,Mumbai,"Omidyar Network,",Private Equity,5000000.0,,2016,1
2065,2016-01-19,CollegeDunia,Consumer Internet,Educational College Search platform,Delhi,Umang Kumar,Seed / Angel,445000.0,,2016,1
2066,2016-01-19,Villgro,Finance,Social Business Incubator & Fund,Chennai,"Lemelson Foundation, Michael and Susan Dell Foundation",Private Equity,3500000.0,,2016,1
2068,2016-01-20,IndustryBuying,E-Commerce,B2B Industrial Goods Marketplace,Delhi,Trifecta Capital,Private Equity,1800000.0,,2016,1
2069,2016-01-20,Just Buy Live,E-Commerce,B2B Marketplace for Distributors,Mumbai,Alpha Capital,Private Equity,20000000.0,,2016,1
2070,2016-01-20,IMbesharam,E-Commerce,Adult Products Etailers,Delhi,Undisclosed US Based Investors,Private Equity,4000000.0,,2016,1
2071,2016-01-20,Moodoo,Consumer Internet,Social Meeting organizer App,Mumbai,Sad Business School Seed Fund.,Seed / Angel,40000.0,,2016,1
2074,2016-01-21,Fisdom,Consumer Internet,Personal Finance Mobile App,Bengaluru,Rob Chandra,Seed / Angel,500000.0,,2016,1
2075,2016-01-21,Easypolicy,Consumer Internet,Online insurance policy aggregator,Noida,Unilazer Ventures,Private Equity,2200000.0,,2016,1
2076,2016-01-21,Housing.com,Consumer Internet,Online Real Estate Portal,Mumbai,SoftBank Corp,Private Equity,15000000.0,,2016,1
2077,2016-01-21,CREO,Technology,Smartphone OS Developer,Bengaluru,"Sequoia Capital, Beenext Ventures, India Quotient, Anand Chandrasekaran",Private Equity,3000000.0,,2016,1
2078,2016-01-22,ShabdaNagari,Consumer Internet,Hindi Language Social Networking Portal,Kanpur,Kanpur Angels & Others,Seed / Angel,200000.0,,2016,1
2080,2016-01-22,SnapBizz,E-Commerce,Mobile based Retail Market Ecosystem,Bengaluru,"Jungle Ventures, Taurus Value Creation, Konly Venture, Blume Ventures",Private Equity,7200000.0,,2016,1
2083,2016-01-22,Silvan,Technology,Home Automation & Security Solutions,Bengaluru,The Chennai Angels,Seed / Angel,515000.0,,2016,1
2084,2016-01-22,EPS,Technology,Electronic Payments Solution Company,Mumbai,APIS Partners,Private Equity,35000000.0,,2016,1
2085,2016-01-22,Qubole,Technology,Enterprise Cloud Based Data Processing,Bengaluru,"Institutional Venture Partners, Norwest Venture Partners, Lightspeed Venture Partners, CRV",Private Equity,30000000.0,,2016,1
2087,2016-01-25,SIFTR Labs,Consumer Internet,Photography curation & Aggregator platform,Mumbai,Venture Catalysts,Seed / Angel,150000.0,,2016,1
2088,2016-01-25,Power2SME,Consumer Internet,SME Online Buying Hub,Gurugram,"Nandan Nilekani, Accel Partners, Kalaari Capital and Inventus Capital",Private Equity,21000000.0,,2016,1
2091,2016-01-27,Buildzar,E-Commerce,Construction Material ETailer,Gurugram,Puneet Dalmia,Private Equity,4000000.0,,2016,1
2092,2016-01-27,Applicate,Technology,"Sales, Market, Distribution & Data Analytics Platform",Bengaluru,Undisclosed investors,Seed / Angel,1000000.0,,2016,1
2094,2016-01-28,Zebi (yet to launch),Technology,Data Intelligence & Analytics,Hyderabad,Un disclosed investors,Seed / Angel,1000000.0,,2016,1
2095,2016-01-28,Truce,FMCG,Vegetables & Fruits Supply Chain,Mumbai,"Anupam Mittal, Amit Gupta, Utsav Somani, Neeraj Goenka, Farooq Adam Mukadam",Seed / Angel,370000.0,,2016,1
2099,2016-01-29,Qriyo,Consumer Internet,Online Fitness & Educational information Aggregator,Jodhpur,Idein Ventures,Seed / Angel,160000.0,,2016,1
2101,2016-01-29,Aisle,Consumer Internet,Indians focused Matchmaking App,Bengaluru,"TermSheet, ah! Ventures",Seed / Angel,185000.0,,2016,1
2102,2016-01-29,FreshMenu,Consumer Internet,Fresh Food Delivery platform,Bengaluru,"Zodius Technology Fund, Lightspeed Venture Partners",Private Equity,17000000.0,,2016,1
2103,2016-01-29,Truebil,E-Commerce,Online marketplace for cars,Mumbai,"Kalaari Capital, Inventus Capital, Tekton Ventures, Kae Capital",Private Equity,5150000.0,,2016,1
2104,2016-01-29,Rare Media,Technology,Mobile & Cloud based App developer,Delhi,Info Edge (India) Ltd,Private Equity,1100000.0,,2016,1
2109,2015-12-01,CollegeDekho,Online Education Information platform,,Jaipur,GirnarSoft,Seed / Angel,1000000.0,,2015,12
2112,2015-12-01,Patel Logistics,Transportation & Logistics Platform,,Mumbai,Frontline Strategy,Private Equity,5600000.0,,2015,12
2113,2015-12-01,Wigzo,Enterprise Marketing Automation platform,,Delhi,"Aarin Capital Partners, TV Mohandas Pai",Seed / Angel,500000.0,Pre-Series A,2015,12
2115,2015-12-01,Godof Hospitals,Digital Healthcare,,Delhi,Pankaj Gupta,Seed / Angel,2000000.0,,2015,12
2116,2015-12-02,RoomsTonite,Last Minute Hotel Booking App,,Bengaluru,"Lashit Sanghvi, Nikhil Vora, Venkat Vardhan,Mohammed Bin Abdul Rehman Al Khalifa, Ralph Berezan, Vissal Mathew, Balamurali Krishna",Seed / Angel,1500000.0,,2015,12
2119,2015-12-03,EasyKhaana,Online Food ordering & Delivery platform,,Delhi,Undisclosed investors,Seed / Angel,100000.0,,2015,12
2120,2015-12-03,Shuttl,App based Bus Pooling Services,,Gurugram,"Sequoia Capital, Times Internet Ltd & One more Fund",Private Equity,20000000.0,Series B,2015,12
2123,2015-12-04,Applop,On Demand Mobile app developer,,Kolkata,GHV Accelerator,Seed / Angel,100000.0,,2015,12
2124,2015-12-04,CaRPM,Car Maintenance & Management mobile app,,Gurugram,GHV Accelerator,Seed / Angel,100000.0,,2015,12
2125,2015-12-04,NDTV Wedding portal,Online Wedding Marketplace,,Delhi,CerraCap,Private Equity,20000000.0,Series A,2015,12
2128,2015-12-07,Customfurnish,Custom Made furniture e-tailer,,Hyderabad,Agnus Capital,Private Equity,4500000.0,Series A,2015,12
2129,2015-12-07,Faasos,QSR Chain,,Pune,"ru-Net, Sequoia Capital, Lightbox Ventures",Private Equity,30000000.0,Series C,2015,12
2131,2015-12-07,Leaf Wearables,Smart Safety Wearable Devices,,Delhi,"Ajeet Khurana Jinesh Shah, Vikram Chachra, Dr. Aniruddha Malpani",Seed / Angel,250000.0,,2015,12
2132,2015-12-07,Coolshare,Cab Sharing service Mobile app,,Mumbai,Gopal Aggarwal,Seed / Angel,100000.0,,2015,12
2135,2015-12-08,Yumist,Home Cooked Food Order & Delivery platform,,Gurugram,"Unilazer Ventures, Orios Venture Partners, Steven Lurie",Private Equity,2000000.0,Series A,2015,12
2136,2015-12-09,Jigsaw Academy,Online School for Analytics learning,,Bengaluru,Manipal Global Education Services,Private Equity,3000000.0,Series A,2015,12
2138,2015-12-09,Voxweb,Picture creation & Social mobile app,,Mumbai,Undisclosed Investor,Seed / Angel,350000.0,,2015,12
2139,2015-12-09,Aye Finance,Nonbanking finance company,,Delhi,"SAIF Partners, Accion",Private Equity,3000000.0,Series B,2015,12
2141,2015-12-10,BlackBuck,Online Freight Services Aggregator,,Bengaluru,"Tiger Global Management, Yuri Milner, Apoletto, Accel Partners, Flipkart",Private Equity,25000000.0,Series B,2015,12
2142,2015-12-10,HomeStudio,Online Branded Furniture etailer,,Bengaluru,Bren Corporation,Private Equity,5000000.0,Series A,2015,12
2143,2015-12-10,PropheSee,Digital Analytics Platform,,Delhi,"Indian Angel Network, Stanford Angels, Entrepreneurs India",Seed / Angel,500000.0,,2015,12
2144,2015-12-10,i2e1,Internet Network Infrastructure Services,,Delhi,GrowX Ventures,Seed / Angel,500000.0,,2015,12
2145,2015-12-10,Holisol Logistics,Supply Chain & Logistics Solutions,,Delhi,CLSA Capital Partners ARIA IV Funds,Private Equity,10000000.0,,2015,12
2147,2015-12-10,Paynear,Mobile Point of Sale solutions,,Hyderabad,Mitesh Majithia,Private Equity,2500000.0,Pre-Series A,2015,12
2148,2015-12-10,Chillr,Peer-to-Peer Money Transfer & Recharge App,,Mumbai,"Sequoia Capital, Blume Ventures, Uniqorn Ventures and other",Private Equity,70000000.0,Series A,2015,12
2149,2015-12-11,EureQa,Test Automation SAAS platform,,Hyderabad,"Sashi Reddi, Gabriel Investments",Seed / Angel,600000.0,,2015,12
2153,2015-12-11,OnlineRTI,Online RTI application services,,Bengaluru,"LetsVenture, Mohandas Pai",Seed / Angel,150000.0,,2015,12
2155,2015-12-11,Weddingz.in,Wedding Venues & Vendors Marketplace,,Mumbai,"Rajan Anandan, Zoya Akhtar, Reema Kagati, Ruchi Narain, Amrish Kumar, Hrishikesh Parandekar",Seed / Angel,1000000.0,,2015,12
2157,2015-12-14,Capricoast,Modular Furnishings Marketplace,,Bengaluru,"Accel Partners India, RB Investments",Private Equity,3500000.0,Series A,2015,12
2159,2015-12-14,Cabsguru,Cab search Comparison & Booking platform,,Delhi,Prashanth Ranganathan,Seed / Angel,200000.0,,2015,12
2160,2015-12-14,Whoop,Performance Optimization Platform for athletes,,Boston,Infosys,Private Equity,3000000.0,Series A,2015,12
2163,2015-12-15,Streamoid,visual search and discovery platform,,Bengaluru,Undisclosed,Seed / Angel,1000000.0,,2015,12
2164,2015-12-16,Housejoy,Home services marketplace,,Bengaluru,"Amazon, Vertex Ventures, Qualcomm, Ru-Net Technology Partners, Matrix Partners",Private Equity,22500000.0,Series B,2015,12
2165,2015-12-16,Bluebirch,End to End reverse logistics Solution platform,,Bengaluru,"Chicago Capital Ventures, Sanjay Mehta, Others",Seed / Angel,2000000.0,,2015,12
2166,2015-12-16,MeraDoctor,Virtual Health consultation app,,Mumbai,Unilazer,Private Equity,1200000.0,Pre-Series A,2015,12
2168,2015-12-17,Rivigo,Logistics Services Provider,,Gurugram,SAIF Partners and others,Private Equity,30000000.0,Series B (includes Debt financing),2015,12
2169,2015-12-17,Springboard,Data Science & UX design Learning platform,,Bengaluru,"Allen Blue, John Katzman, Naveen Tewari, Kartik Hosanagar, Kashyap Deorah, 500 Startups, Blue Fog Capital",Seed / Angel,1700000.0,,2015,12
2171,2015-12-18,Ampere Vehicles,Electric Bike Manufacturers,,Coimbatore,Kris Gopalakrishnan & Others,Seed / Angel,1200000.0,,2015,12
2174,2015-12-18,CBREX,International Hiring Platform,,Mumbai,"Prahlad Rao, Sundara Rajan, Vikram Chachra",Seed / Angel,200000.0,,2015,12
2175,2015-12-21,TruckMandi,Logistics Service Provider Marketplace,,Delhi,"Ritesh Dwivedy, Ramakant Sharma, Mount Nathan Advisors",Private Equity,2000000.0,Pre-Series A,2015,12
2176,2015-12-21,Peppertap,Hyperlocal Grocery Delivery Service,,Gurugram,Innoven Capital,Private Equity,4000000.0,part of $40M Series B round,2015,12
2177,2015-12-21,KOOH Sports,Sports Education Platform,,Mumbai,"TCS, HDFC, Faering Capital, Elevate Sports",Private Equity,2000000.0,Series A,2015,12
2181,2015-12-22,LatestOne,Mobile accessories online store,,Hyderabad,Palred Technologies Ltd,Private Equity,3000000.0,Additional investment from parent company,2015,12
2183,2015-12-22,Arya.ai,Artificial Intelligence platform,,Mumbai,"YourNest Angel Fund, Venture Nursery",Private Equity,750000.0,Series A,2015,12
2184,2015-12-22,Doctor Insta,Medical Consultation & Doctor appointment booking platform,,Gurugram,"Rishi Parti, BrahmaX Ventures",Private Equity,500000.0,pre-Series A,2015,12
2185,2015-12-22,MobieFit,Mobile Fitness App,,Goa,Medi Assist,Private Equity,1000000.0,Strategic Investment,2015,12
2187,2015-12-23,Mech Mocha,Mobile Game development & Design platform,,Bengaluru,"Blume Ventures, Flipkart",Seed / Angel,1000000.0,,2015,12
2188,2015-12-23,Shotang.com,B2B eCommerce Marketplace,,Bengaluru,"Exfinity Venture Partners, Unitus Impact Livelihoods Fund",Private Equity,5000000.0,Series A,2015,12
2190,2015-12-24,Black White Orange,B2B Merchandize platform,,Mumbai,Collaborative Licensing Ventures LLP,Seed / Angel,303000.0,,2015,12
2192,2015-12-24,Canvera,Photographer Online search & booking platform,,Bengaluru,Info Edge (India) Ltd,Private Equity,2200000.0,,2015,12
2193,2015-12-28,Town Essentials,Grocery Delivery platform,,Bengaluru,"Sharad Hegde, Girish Reddy, Siddharth Patil, Shrikant Patil",Seed / Angel,1000000.0,,2015,12
2194,2015-12-28,Bumper,Mobile Car Servicing appointment app,,Bengaluru,SAIF Partners,Seed / Angel,500000.0,,2015,12
2195,2015-12-29,Hotify,New Curation Mobile App,,Bengaluru,Mahavir Pratap Sharma,Seed / Angel,150000.0,,2015,12
2196,2015-12-29,MobiKwik,Mobile Wallet,,Gurugram,"Sequoia Capital, Tree Line Asia, Innoven Capital",Private Equity,6600000.0,Additional Funding,2015,12
2198,2015-11-02,Twigly,Online Food Ordering & Delivery platform,,Gurugram,"Amit Gupta, Sahil Barua, Mukul Singhal, Tracxn Labs",Seed / Angel,200000.0,,2015,11
2199,2015-11-02,CityFlo,Bus Aggregation and rental mobile app,,Mumbai,IDG Ventures,Seed / Angel,750000.0,,2015,11
2202,2015-11-03,Pokkt,Alternate Mobile Monetization platform,,Mumbai,"Segnel Venture, Shinji Kimura, Sundar Chanrai, JAFCO Asia, SingTels Innov8, Jungle Ventures, K Ganesh",Private Equity,5000000.0,Series B,2015,11
2203,2015-11-03,oibanit,Online Food Ordering Marketplace,,Vadodara,"Varun Ahuja, Anubhav Verma",Seed / Angel,150000.0,,2015,11
2204,2015-11-03,Stuffed,Quick Service Restaurant & Online Delivery,,Mumbai,Riqueza Capital,Seed / Angel,385000.0,Funding happened in Sept 2015,2015,11
2205,2015-11-03,LoanBaba,Online Loans Marketplace,,Mumbai,Undisclosed,Seed / Angel,320000.0,,2015,11
2206,2015-11-03,Deyor Rooms,Budget Hotels Aggregator,,Delhi,Dheeraj Jain & Others,Seed / Angel,500000.0,,2015,11
2207,2015-11-03,Bidgely,Efficient Energy Management platform,,US,"Constellation Technology Ventures (Exelon Corporation), E.ON, RWE, Khosla Ventures",Private Equity,16600000.0,Series B,2015,11
2208,2015-11-04,Shirsa Labs,Digital Intelligent learning platform,,Mumbai,ah! Ventures,Seed / Angel,250000.0,,2015,11
2210,2015-11-04,YourDOST,Online Counselling and psychological support platform,,Gwalior,"Phanindra Sama, Aprameya Radhakrishna, Aneesh Reddy, Neeraj Jawalkar, Sanjay Anandaram, Pavan Ongole, Venk Krishnan",Seed / Angel,400000.0,,2015,11
2211,2015-11-05,BookMyBai,Domestic Help Aggregation platform,,Mumbai,Vineel Nalla & Others,Seed / Angel,150000.0,,2015,11
2212,2015-11-05,MyIndianStay,Home Stay & room rentals platform,,Goa,Undisclosed investors,Seed / Angel,200000.0,,2015,11
2215,2015-11-06,Satvacart,Online Grocery platform,,Gurugram,Undisclosed HNIs,Private Equity,1800000.0,Pre-Series A Bridge,2015,11
2216,2015-11-06,POPxo.com,Online content platform for women,,Delhi,"IDG Ventures India, Kalaari Capital, 500 Startups",Private Equity,2000000.0,Series A,2015,11
2217,2015-11-06,SparesHub,Online Vehicle Spare Parts etailer,,Pune,"Hyderabad Angels, M&S Partners",Seed / Angel,460000.0,Pre-Series A,2015,11
2218,2015-11-06,Explara,Event Ticketing platform,,Pune,"Hyderabad Angels, Singapore Angel Network, Ness Wadia",Private Equity,490000.0,Pre-Series A,2015,11
2220,2015-11-06,Yuvi Hospitality,Premium dining Lounges & restaurants,,Gurugram,Chandralekha Construction Pvt. Ltd.,Private Equity,15000000.0,Series A,2015,11
2221,2015-11-09,AppVirality,Mobile Growth Hacking Platform,,Hyderabad,"Rajan Anandan, Mike Galgon, Ravi Gururaj, Ashim Mehra, Mohit Saxena, Internet Group, TNN Capital and others",Seed / Angel,500000.0,Pre-Series A,2015,11
2222,2015-11-09,iStar Skill Development,Skill Training Startup,,Bengaluru,"Michael & Susan Dell Foundation, Unitus Seed Fund",Private Equity,1500000.0,Series A,2015,11
2223,2015-11-09,BigStylist.com,Beauty and Wellness Marketplace,,Mumbai,Info Edge,Private Equity,1000000.0,Pre-Series A,2015,11
2224,2015-11-09,Zilingo,Marketplace App for Bangkok,,Bengaluru,"Sequoia India, BEENEXT Ventures, Kunal Shah & Sandeep Tandon",Private Equity,1900000.0,Series A,2015,11
2225,2015-11-09,Didi,On-demand Maids Service Provider,,Mumbai,"Jozef Bardik, Leo Wang Sangeeth Ram",Seed / Angel,150000.0,,2015,11
2226,2015-11-09,Skoov.com,eCommerce Product Search Engine,,Mumbai,undisclosed investor,Seed / Angel,150000.0,,2015,11
2227,2015-11-10,Chefs Basket,Ready to cook packaged Foods,,Mumbai,"SAIF Partners, Haresh Chawla",Private Equity,6000000.0,Series A,2015,11
2229,2015-11-11,Delight Foods,Branded Food products online sales,,Bengaluru,"Lensbridge Capital, Mape Advisory Group, Fireside Ventures",Private Equity,600000.0,Series A,2015,11
2231,2015-11-11,RenewBuy,Auto Insurance Online platform,,Gurugram,Mount Nathan Advisors Pte Ltd,Seed / Angel,500000.0,,2015,11
2233,2015-11-12,Hitwicket,Cricket Management Mobile Game,,Hyderabad,Chennai Angels,Seed / Angel,250000.0,,2015,11
2235,2015-11-16,Cashkaro.com,Ecommerce Discount & Cashback coupons platform,,Gurugram,Kalaari Capital,Private Equity,3700000.0,Series A,2015,11
2236,2015-11-16,Absentia,Virtual Reality Headset creator,,Bengaluru,"Astarc Ventures, 50K Ventures & others",Seed / Angel,180000.0,,2015,11
2238,2015-11-16,TaskBucks,mobile-only tasks marketplace,,Delhi,Times Internet,Private Equity,15000000.0,Strategic Investment,2015,11
2239,2015-11-17,CraftsVilla,Women Ethnic Wear Online Marketplace,,Mumbai,"Sequoia India, Lightspeed Venture Partners, Nexus Venture Partners, Global Founders Capital, Apoletto",Private Equity,34000000.0,Series C,2015,11
2240,2015-11-17,Julia Computing,Numerical Computing & Data Science Platform,,Bengaluru,Gordon and Betty Moore Foundation,Seed / Angel,600000.0,,2015,11
2241,2015-11-17,StyleTag,Designer fashion Jewellery Marketplace,,Bengaluru,Jitu Virwani,Seed / Angel,7500000.0,,2015,11
2242,2015-11-17,Smytten,Online Products Discovery Platform,,Gurugram,"Rimpal Chawla, Anuj Srivastava",Seed / Angel,200000.0,,2015,11
2243,2015-11-17,BiBox,Kids Tool kit for Innovation platform,,Bengaluru,Ravi Krishnamurthy,Seed / Angel,530000.0,,2015,11
2244,2015-11-17,Convegenius,Mobile Learning Solutions,,Noida,Enablers platform,Seed / Angel,300000.0,,2015,11
2245,2015-11-18,Ola,Car Aggregator & Retail Mobile App,,Bengaluru,"Baillie Gifford, Falcon Edge Capital, Tiger Global, SoftBank Group, DST Global, Didi Kuaidi",Private Equity,500000000.0,Series F ( More Details Here),2015,11
2246,2015-11-18,Goodbox,conversational commerce mobile app,,Bengaluru,Nexus Venture Partners,Private Equity,2500000.0,Series A,2015,11
2247,2015-11-18,ScoopWhoop,Viral Content web Platform,,Delhi,Kalaari Capital,Private Equity,4000000.0,Series A,2015,11
2252,2015-11-19,UrbanClap,Mobile Services Marketplace,,Gurugram,"Bessemer Venture Partner, Accel, SAIF Partners",Private Equity,25000000.0,Series B,2015,11
2253,2015-11-19,SenseGiz,Smartwatch Maker,,Belgaum,Karnataka Semiconductor Venture Capital firm,Seed / Angel,500000.0,,2015,11
2255,2015-11-19,Fourseven,Online Jewellery etailer,,Delhi,Indian Angel Network,Seed / Angel,455000.0,,2015,11
2256,2015-11-20,MindTickle,Sales & Productivity Software,,Pune,New Enterprise Associates,Private Equity,12500000.0,Series A,2015,11
2258,2015-11-20,Medinfi,Health-Tech platform,,Bengaluru,"Ram Kumar Kakani, Pradeep K Jaisingh, Sunil T V, Vijay Ghadge, Hemant Kaul, Gurmeet Chahal & Others",Seed / Angel,305000.0,,2015,11
2259,2015-11-20,OUWT,Nightlife Discovery Mobile App,,Mumbai,Undisclosed investors,Seed / Angel,150000.0,,2015,11
2260,2015-11-20,HeyPillow,Online Real Estate Marketplace,,Bengaluru,Hampton Capital,Private Equity,3000000.0,Series A,2015,11
2262,2015-11-21,Caravan Craft,Indian Ethnic Crafts Etailer,,Bengaluru,"Unitus Seed Fund, Bijou Kurien, Narayan Ramachandran",Private Equity,1200000.0,Series A,2015,11
2263,2015-11-21,Talkoot,Social platform for traders and investors,,Bengaluru,Undisclosed investors,Seed / Angel,100000.0,,2015,11
2264,2015-11-23,RentoMojo,"Online Furniture, Home Appliances Rental Platform",,Bengaluru,"IDG Ventures India, Accel Partners India",Private Equity,2000000.0,Series A,2015,11
2265,2015-11-23,Medikoe,Healthcare Services Discovery platform,,Bengaluru,Anil Menon,Seed / Angel,100000.0,,2015,11
2266,2015-11-24,Stylofie,Health and Beauty Services Marketplace,,Gurugram,Swastika,Seed / Angel,250000.0,,2015,11
2268,2015-11-24,Naaptol,Online and TV Shopping Marketplace,,Mumbai,"Mitsui & Co., New Enterprise Associates, Canaan Partners, Silicon Valley Bank",Private Equity,52000000.0,Late Stage,2015,11
2270,2015-11-25,EarlySalary.com,Mobile App based Loan disbursement platform,,Mumbai,Ashok Agarwal,Seed / Angel,1500000.0,,2015,11
2271,2015-11-25,Tooler,On Demand Laundry Services App,,Delhi,"Raghu Khanna, Sameer Gupta",Seed / Angel,110000.0,,2015,11
2272,2015-11-25,S Chand,Education Content Provider,,Delhi,IFC Everstone Group,Private Equity,27000000.0,,2015,11
2274,2015-11-26,GoQii,Fitness Tracking Management Solutions,,Mumbai,"New Enterprise Associates, Cheetah Mobile",Private Equity,13400000.0,Series B,2015,11
2275,2015-11-26,Grofers,Hyper-local Grocery Delivery platform,,Gurugram,"Softbank, Tiger Global, Sequoia Capital, Apoletto Managers",Private Equity,120000000.0,Late Stage,2015,11
2276,2015-11-26,Pluss,Hyperlocal healthcare product Delivery Service provider,,Gurugram,"IDG Ventures, M & S partners, Powerhouse Ventures (USA).",Private Equity,1000000.0,Pre-Series A,2015,11
2279,2015-11-27,JustRide,Self Driven Rental Car Platform,,Mumbai,Undisclosed,Private Equity,2000000.0,Pre-Series A bridge round,2015,11
2284,2015-11-30,Baxi,Two-Wheeler Taxi Service,,Gurugram,"Manish Kheterpal, Alok Mittal, Puneet Dalmia,",Seed / Angel,1450000.0,,2015,11
2285,2015-11-30,Superhero Brands,character merchandize sales platform,,Mumbai,DSG Consumer Partners,Seed / Angel,540000.0,,2015,11
2287,2015-11-30,QikPod,Ecommerce Delivery locker services,,Bengaluru,"Flipkart, Accel Partners, Delhivery, Foxconn",Private Equity,9000000.0,Series A,2015,11
2293,2015-10-01,Muvizz,Movie-on-demand platform,,Singapore,"Ashish Todi, Abhinav Patodia, Kumar Shwetabh",Seed / Angel,350000.0,,2015,10
2296,2015-10-02,Shopalyst,Product discovery & recommendation platform,,Bengaluru,Kalaari Capital,Private Equity,2000000.0,Series A,2015,10
2297,2015-10-03,Chillr,Mobile Payments App,,Mumbai,Sequoia Capital,Private Equity,6000000.0,Series A,2015,10
2298,2015-10-05,Nykaa,Beauty & Wellness Products e-tailer,,Mumbai,"Harsh Mariwala, Atul Nishar, Dalip Pathak, Michael Carlos",Private Equity,9500000.0,Series B,2015,10
2299,2015-10-05,Voylla,Fashion jewelry and accessories e-tailer,,Jaipur,Peepul Capital,Private Equity,15000000.0,Series B,2015,10
2300,2015-10-05,IndiaLends,Online Consumer Lending platform,,Delhi,"DSG consumer Partners, Paragon Partners",Private Equity,1000000.0,Pre-Series A Bridge round,2015,10
2301,2015-10-05,Rock N Shop,Premium Apparel shopping portal,,Delhi,High Networth Individuals (undisclosed),Seed / Angel,150000.0,,2015,10
2302,2015-10-06,DocPlexus,Exclusive Platform for Doctors & Healthcare professionals,,Pune,"Uniqorn ventures, ASP Consulting",Seed / Angel,700000.0,,2015,10
2303,2015-10-06,WorkIndia,Job Board,,Mumbai,"Satyen Kothari, Keshav Sanghi, Riddhesh Gandhi & Others",Seed / Angel,500000.0,Pre-Series A,2015,10
2304,2015-10-06,SportzVillage,Sports Management & Physical Education Business,,Bengaluru,Gaja Capital Private Equity Fund,Private Equity,10000000.0,Series B,2015,10
2306,2015-10-06,Burger Singh,QSR & Online delivery portal,,Gurugram,"Ashvin Chadha, Avtar Monga, Udaan Angels, Dheeraj Jain",Seed / Angel,500000.0,Bridge Round,2015,10
2307,2015-10-06,Welcome Cure,Online Homeopathy Clinic,,Mumbai,Unnamed Media house and HNIs,Private Equity,6000000.0,Pre-Series A,2015,10
2308,2015-10-07,SchoolGuru,E-Learning Service Provider,,Mumbai,High Networth Individuals from India & USA,Private Equity,3000000.0,Series A,2015,10
2310,2015-10-07,GoJavas,Delivery & Logistics Service provider,,Gurugram,Snapdeal,Private Equity,20000000.0,Strategic Funding (Series C),2015,10
2313,2015-10-08,ZuperMeal,Home Cooked Food marketplace & Delivery,,Mumbai,"Sanjeev Kapoor, Ravi Saxena & Others",Private Equity,2000000.0,Series A,2015,10
2314,2015-10-08,Cube26,Gesture based Mobile Development,,Delhi,"Tiger Global Management, Flipkart",Private Equity,7700000.0,Series A,2015,10
2316,2015-10-08,Grabhouse,Rental Accommodation Search platform,,Bengaluru,Sequoia and Kalaari Capital.,Private Equity,10000000.0,Series B,2015,10
2317,2015-10-08,Quifers,Logistics Tech Platform,,Mumbai,"Vikas Agarwal, Vishal Khare, Sanjeev Kakkar, Smile Group",Seed / Angel,310000.0,,2015,10
2318,2015-10-09,Stockroom.io,Developer Portfolio Showcase platform,,Hyderabad,Undisclosed Investors,Seed / Angel,70000.0,,2015,10
2320,2015-10-09,Cloud Lending,End-to-End Lending platform,,Bengaluru,SF Capital Group,Private Equity,8000000.0,Series A,2015,10
2321,2015-10-09,Inayo,on-demand healthcare marketplace,,Mumbai,"Kemark Ventures, Amit Ranjan, Zishaan Hayath and Others",Seed / Angel,300000.0,,2015,10
2323,2015-10-09,Kulzy,Advertising & Marketing Community Networking platform,,Delhi,"Seedfund, Bedrock Ventures",Seed / Angel,1000000.0,,2015,10
2324,2015-10-09,Zeppery,Food Ordering & Delivery App,,Delhi,Suyash Sharma,Seed / Angel,77000.0,,2015,10
2325,2015-10-12,Zify,Ride Sharing platform,,Hyderabad,Sean OSullivan & Others,Seed / Angel,190000.0,,2015,10
2328,2015-10-12,Gridle,Cloud Based Collaboration platform,,Ahmedabad,LetsVenture,Seed / Angel,100000.0,,2015,10
2331,2015-10-13,Voodoo,Mobile Only Shopping Assistant,,Delhi,SAIF Partners,Seed / Angel,1000000.0,,2015,10
2332,2015-10-13,Lookup,Mobile Messaging Assistant App,,Bengaluru,"Khosla Impact, Biz Stone, Catamaran Ventures, Global Founders Capital, European investment fund",Private Equity,2500000.0,Series A,2015,10
2333,2015-10-14,AskMyGift,Personalized Wish List creator app,,Noida,Turning Ideas,Seed / Angel,50000.0,,2015,10
2335,2015-10-14,Zappfresh,Raw Meat & Ready to eat food etailer,,Gurugram,Undisclosed Investors,Seed / Angel,77000.0,,2015,10
2341,2015-10-17,S-Cube Futuretech,Structural & Civil Engg Service Automation,,Mumbai,Parampara Capital,Private Equity,1000000.0,Series A,2015,10
2343,2015-10-19,Citrus Payment,Payments Solution platform,,Mumbai,"Sequoia Capital, Ascent Capital, eContext Asia, Beenos Asia",Private Equity,25000000.0,Series C,2015,10
2344,2015-10-19,Holidify,Travel Destination Discovery platform,,Delhi,Aarti Group,Seed / Angel,100000.0,,2015,10
2346,2015-10-20,Opinio,Last Mile Delivery Service,,Bengaluru,"Delhivery, Sands Capital and Accel Partners",Private Equity,7000000.0,Series A,2015,10
2347,2015-10-20,Attune Technologies,Healthcare IT Solutions & services,,Chennai,"Qualcomm Venture, Norwest Venture Partners",Private Equity,10000000.0,Series B,2015,10
2350,2015-10-21,AgentDesks,Real Estate Mobile CRM,,New York,"Sierra Ventures, Cota Capital, Vegas Tech Fund",Seed / Angel,2950000.0,,2015,10
2351,2015-10-21,White Owl Brewery,Micro-Brewery,,Mumbai,"Arihant Patni, RAAY Global Investments",Private Equity,1530000.0,Series A,2015,10
2352,2015-10-21,MealHopper,Home Made Food Marketplace,,Gurugram,"Alok Bajpai, Rajnish Kumar, Amit Dey",Seed / Angel,100000.0,,2015,10
2353,2015-10-21,Zenify.in,residential rental management platform,,Bengaluru,"Atul Jalan, Shrikanth & Bharath",Seed / Angel,640000.0,,2015,10
2355,2015-10-23,Medd,Personal Diagnostic Mobile App,,Mumbai,Group of Angel investors,Seed / Angel,150000.0,Bridge Round,2015,10
2356,2015-10-23,Leaping Caravan,Online food ordering & Delivery service,,Gurugram,Group of Angel investors,Seed / Angel,150000.0,,2015,10
2357,2015-10-23,Frsh,Online food ordering & Delivery service,,Gurugram,"Mumbai Angels, Mayank Bhangdia, Kae Capital",Private Equity,1000000.0,Bridge Round,2015,10
2358,2015-10-23,Qik Stay,Hotel Aggregator & booking platform,,Delhi,ID Enablers Pvt Ltd,Seed / Angel,250000.0,,2015,10
2359,2015-10-26,Parcelled,Online Logistics Platform,,Bengaluru,Delhivery,Private Equity,5000000.0,,2015,10
2360,2015-10-26,AlmaMapper,Online Student & Campus Social Networking platform,,Ahmedabad,Oswal Techno Ventures LLP,Seed / Angel,400000.0,,2015,10
2361,2015-10-26,Flexing It,Professionals & Project Search Marketplace,,Delhi,undisclosed private investors,Seed / Angel,500000.0,,2015,10
2362,2015-10-26,Netmeds.com,Online Pharmacy,,Chennai,"OrbiMed, Pradip Dadha Group",Private Equity,50000000.0,Series A,2015,10
2363,2015-10-26,Razorpay,Online Payment Gateway,,Jaipur,"Tiger Global Management, Matrix Partners",Private Equity,9000000.0,Series A,2015,10
2365,2015-10-27,Happitoo,Location based Nightlife recommendation Platform,,Mumbai,Unnamed investor,Seed / Angel,77000.0,,2015,10
2366,2015-10-27,Care24,Professional Health Services Platform,,Mumbai,India Quotient,Seed / Angel,350000.0,,2015,10
2367,2015-10-27,Roadrunnr,Hyperlocal Logistics Service,,Bengaluru,"Sequoia Capital, Nexus Venture Partners",Private Equity,10000000.0,Series B,2015,10
2369,2015-10-28,ORIGA Leasing,Asset Financing platform,,Mumbai,"ah! Ventures, 500 Startups & Other HNIs",Seed / Angel,1100000.0,,2015,10
2370,2015-10-28,Smartivity.in,Virtual Reality activity based learning platform,,Delhi,S Chand and Co Pvt Ltd,Seed / Angel,200000.0,,2015,10
2374,2015-10-29,ZopHop,Public Commute helper App,,Mumbai,"Amit Singhal, PK Gulati & others",Seed / Angel,450000.0,,2015,10
2377,2015-10-30,LiftO,Ridesharing Mobile app,,Mumbai,"Rajesh Bhatia, Dheeraj Mehta & Others",Seed / Angel,130000.0,,2015,10
2378,2015-10-30,TinyOwl,Food Discovery & Delivery Mobile app,,Mumbai,"Sequoia Capital, Matrix Partners",Private Equity,7500000.0,Series B,2015,10
2379,2015-10-30,Toppr.com,Competitive exam learning platform,,Mumbai,InnoVen Capital,Private Equity,2000000.0,Series C,2015,10
2380,2015-10-30,Kleeto,Document Digitization platform,,Gurugram,GREX,Seed / Angel,230000.0,pre-Series A,2015,10
2381,2015-10-30,BeaconsTalk,proximity marketing & Mobile Advertising platform,,Mumbai,Puneet Bhatia & others,Seed / Angel,80000.0,,2015,10
2382,2015-10-31,Jugnoo,Autorickshaw Aggregator & Booking platform,,Chandigarh,Paytm,Private Equity,10000000.0,Series B,2015,10
2383,2015-09-01,TOFlo,FinTech Startup Incubation platform,,Mumbai,Tania Johny Palathinkal,Seed / Angel,100000.0,,2015,9
2385,2015-09-01,Stylecracker,Personalized Styling platform,,Mumbai,Group of HNI investors,Private Equity,1000000.0,Series A,2015,9
2386,2015-09-01,Luxuryhues,Luxury goods Shopping Platform,,Gurugram,Reliance Capital,Private Equity,900000.0,Series A,2015,9
2388,2015-09-02,Zivame,Online Lingerie Marketplace,,Bengaluru,"Zodius Technology Fund, Khazanah Nasional Berhad",Private Equity,40000000.0,Series C,2015,9
2389,2015-09-02,Capillary Tech,Cloud software solutions,,Delhi,"Warburg Pincus, Sequoia Capital, Norwest Venture Partners",Private Equity,45000000.0,Series D,2015,9
2390,2015-09-03,Jobspire,Job Search Platform,,Bengaluru,Purvi Capital,Seed / Angel,260000.0,,2015,9
2392,2015-09-03,Vistaar Finance,Small Business Financing (NBFC),,Bengaluru,"WestBridge Capital, Omidyar Network, Elevar Equity, Saama Capital, Lok Capital",Private Equity,40000000.0,,2015,9
2394,2015-09-04,Clapsnslaps,Online Movie Review Platform,,Mumbai,R M Picture Company Pvt. Ltd.,Seed / Angel,150000.0,,2015,9
2395,2015-09-04,Blubox,ECommerce Brands Full Service Agency,,Mumbai,Ashish Jhalani,Seed / Angel,100000.0,,2015,9
2396,2015-09-04,RoomCentral,Cloud-based Hotel Booking Platform,,Bengaluru,Karanpal Singh,Seed / Angel,2000000.0,,2015,9
2397,2015-09-07,YouthKiAwaaz,Community Driven News/Views Platform,,Delhi,"Raghav Bahl, Ritu Kapur",Seed / Angel,600000.0,,2015,9
2398,2015-09-07,Prozo,Study Material Marketplace,,Delhi,"Nalin Jain, Shomil Pant, Dinesh Kundu & others",Seed / Angel,205000.0,,2015,9
2399,2015-09-07,Zomato,Restaurant Ratings & Reviews platform,,Gurugram,"Temasek, Vy Capital",Private Equity,60000000.0,Late Stage,2015,9
2400,2015-09-07,Sahayog Dairy,Dairy Based Product Manufacturer,,Bhopal,Acumen Fund,Private Equity,1800000.0,Series A,2015,9
2401,2015-09-08,MockBank,Government Test Preparation platform,,Bengaluru,Blume Ventures,Seed / Angel,400000.0,,2015,9
2404,2015-09-10,OnlineTyari,Multilingual Test Preparation Platform,,Gurugram,"500 Startups, TV Mohandas Pai, Tandem Capital, Vikram Chachra, Aloke Bajpai",Private Equity,770000.0,Series A,2015,9
2405,2015-09-10,IndustryBuying,Industrial Tools Marketplace,,Delhi,"Kalaari Capital, SAIF Partners, Beenextan investment fund",Private Equity,9200000.0,Series B,2015,9
2406,2015-09-10,The/Nudge Foundation,Non Profit Organization to alleviate poverty,,Bengaluru,"Nanadan Nilekani, InMobi, Paytm",Seed / Angel,315000.0,,2015,9
2407,2015-09-11,FitMeIn,Gym & Fitness Studios Subscription platform,,Delhi,Green House Ventures,Seed / Angel,100000.0,,2015,9
2409,2015-09-11,Zapyle,pre-used apparel shopping mobile app,,Bengaluru,Undisclosed,Seed / Angel,1000000.0,,2015,9
2411,2015-09-12,CredR,Used Vehicles Marketplace,,Mumbai,Eight Road Ventures,Private Equity,15000000.0,Series A,2015,9
2413,2015-09-14,CanvasFlip,Mobile App testing platform,,Hyderabad,Bessemer Venture Partners,Seed / Angel,1200000.0,,2015,9
2414,2015-09-14,Shadowfax,Hyperlocal Delivery Services,,Gurugram,Eight Roads Ventures,Private Equity,9000000.0,Series A,2015,9
2415,2015-09-14,UE Life Sciences,Early Cancer Detection Solutions,,US,"Aarin Capital, Unitus Seed Fund",Private Equity,3000000.0,Series A,2015,9
2416,2015-09-14,Ola,Cab rental Mobile app,,Bengaluru,"Falcon Edge Capital, NY based Hedge Fund, Tiger Global, Softbank",Private Equity,225000000.0,Late Stage,2015,9
2417,2015-09-15,Coverfox,Online Insurance Distribution Platform,,Mumbai,Cataraman Ventures,Private Equity,2000000.0,Part of $12M Series B funding,2015,9
2418,2015-09-15,MoEngage,Mobile Marketing Automation Platform,,Bengaluru,"Helion Venture Partners, Exfinity Ventures",Private Equity,4250000.0,Series A,2015,9
2420,2015-09-15,Tea Trails,Chain of Tea Cafs,,Mumbai,"Anil Matai, Vikram Tandon, Shyam Sundar R & others",Seed / Angel,1000000.0,,2015,9
2421,2015-09-15,Room on Call,Branded Budget Hotel Marketplace,,Noida,Payal Syal,Seed / Angel,300000.0,,2015,9
2423,2015-09-16,ChaiPoint,Food Subscription platform,,Bengaluru,Eight Roads Ventures,Private Equity,10000000.0,Series A,2015,9
2424,2015-09-16,WedmeGood.com,Wedding Planning Platform,,Gurugram,Indian Angel Network,Seed / Angel,410000.0,,2015,9
2425,2015-09-16,XSTOK,B2B Mobile Auction Marketplace,,Mumbai,Oliphans Capital,Seed / Angel,450000.0,,2015,9
2428,2015-09-17,YepMe,Private label Fashion eTailer,,Gurugram,"Khazanah Nasional Berhad, Helion Venture Partners",Private Equity,75000000.0,Series D,2015,9
2429,2015-09-17,Bueno,Online Food ordering & delivery,,Gurugram,High Networth Individuals (No details),Seed / Angel,600000.0,,2015,9
2430,2015-09-18,Plabro,Real Estate Broker Platform App,,Delhi,"Sachin Bansal & Binny Bansal, Sol Primero, Outbox Ventures, Sangram Singh",Seed / Angel,350000.0,,2015,9
2431,2015-09-18,CureJoy,Online Health & Wellness platform,,Bengaluru,"Accel Partners, Subrata Mitra, Larry Braitman, Venk Krishna",Private Equity,1150000.0,Pre-Series A,2015,9
2432,2015-09-18,Briston Technomach,Internet of Things platform,,Delhi,Undisclosed,Seed / Angel,150000.0,,2015,9
2433,2015-09-18,LabStreet,Diagnostic Labs aggregator platform,,Gurugram,Multiple investors,Seed / Angel,150000.0,,2015,9
2435,2015-09-21,Portea Medical,Home Medical Care Services,,Bengaluru,"Accel Partners, International Finance Corporation (IFC), Qualcomm Ventures, Ventureast",Private Equity,37500000.0,,2015,9
2436,2015-09-21,Neotrade Analytics,Real-Time stock data platform,,Bengaluru,Rainmatter,Seed / Angel,235000.0,,2015,9
2438,2015-09-21,LafaLafa,coupons and cashback aggregator app,,Mumbai,500 Startups,Seed / Angel,125000.0,thru Accelerator,2015,9
2441,2015-09-22,Bestdealfinance,Financial Services Portal,,Mumbai,"Kalaari Capital, YourNest Angel Fund",Private Equity,3000000.0,Series A,2015,9
2444,2015-09-22,Virtual Logic,"virtual reality, 3d simulation and stereoscopic products",,Bengaluru,Swarnim Multiventures,Private Equity,800000.0,Pre-Series A,2015,9
2445,2015-09-22,Furdo,Online Interior Designing platform,,Bengaluru,Bhavdeep Reddy,Seed / Angel,400000.0,,2015,9
2446,2015-09-22,LogiNext,End-to-end Logistics platform,,Mumbai,Paytm,Private Equity,10000000.0,Series A,2015,9
2447,2015-09-22,Korra,Private Label Apparel sales,,Delhi,Asha Jadeja Motwani & Others,Seed / Angel,300000.0,,2015,9
2450,2015-09-23,SilverPush,Cross-device retargeting platform,,Gurugram,M&S Partners,Private Equity,1200000.0,Series A,2015,9
2451,2015-09-23,Juggernaut,Digital & Physical Publishing platform,,Delhi,"William Bissell, Neeraj Aggarwal, Nandan Nilekani",Private Equity,2250000.0,Series A,2015,9
2452,2015-09-23,InnerChef,Food Delivery Platform,,Delhi,"Phanindra Sama, Anupam Mittal, Vijay Shekhar Sharma, Vishal Gondal, Sateesh Andara & others",Private Equity,1750000.0,pre-Series A,2015,9
2453,2015-09-24,Quintype,Data Driven Publishing platform,,Bengaluru,Raghav Bahl,Private Equity,3300000.0,,2015,9
2454,2015-09-24,Capabiliti,Employee OnBoarding & Orientation platform,,Noida,"500 Startups, Smile Multimedia, Kunal Bahl, Rohit Bansal, Girish Matrubootham",Seed / Angel,400000.0,,2015,9
2455,2015-09-24,Fourth Partner Energy,Solar Power Solutions company,,Hyderabad,"Infuse Ventures, The Chennai Angels",Private Equity,2000000.0,Series A,2015,9
2456,2015-09-24,Licious,Online Meat Ordering platform,,Bengaluru,"Kanwaljit Singh, TV Mohandas Pai",Seed / Angel,1000000.0,,2015,9
2459,2015-09-28,Ola,Cab Booking app platform,,Bengaluru,Didi Kuaidi,Private Equity,30000000.0,late Stage (part of $500M funding rnd),2015,9
2460,2015-09-29,Paytm,E-Commerce & M-Commerce platform,,Delhi,"Alibaba Group, Ant Financial",Private Equity,680000000.0,Late Stage (Alibaba @ 40% equity),2015,9
2461,2015-09-29,Inmobi,Mobile Advertising platform,,Bengaluru,Tennenbaum Capital Partners & Others,Private Equity,100000000.0,Late Stage,2015,9
2462,2015-09-29,Peppertap,Hyperlocal Grocery Delivery,,Gurugram,"Sequoia India, SAIF Partners.",Private Equity,36000000.0,Series B,2015,9
2465,2015-09-29,Zakoopi,Fashion Discovery platform,,Delhi,Uniqorn Ventures,Seed / Angel,350000.0,,2015,9
2467,2015-09-30,Infoworks,Big Data Management Platform,,Bengaluru,"Nexus Venture Partners, Knoll Ventures and others",Private Equity,5000000.0,,2015,9
2468,2015-09-30,RedDoorz,Budget Accommodation Platform,,Noida,Jungle Ventures,Seed / Angel,1000000.0,,2015,9
2470,2015-09-30,Eywa Media,Digital Signal processing platform,,Bengaluru,"ah! Ventures, Viktor Koenig PE Fund, Mantra Ventures",Seed / Angel,1000000.0,,2015,9
2471,2015-08-01,Snapdeal,Ecommerce Marketplace,,Delhi,"Alibaba, Foxconn, Softbank",Private Equity,500000000.0,Late Stage Round 7th (More details),2015,8
2472,2015-08-01,Ressy,Restaurant Discount app,,Pune,Mohandas Pai & others,Seed / Angel,400000.0,,2015,8
2474,2015-08-03,Connect India,ECommerce Logistics provider,,Delhi,Aavishkaar,Private Equity,5000000.0,Series A,2015,8
2477,2015-08-03,OYO,Budget Hotel accommodation brand,,Delhi,"SoftBank Group, Greenoaks Capital, Sequoia Capital, Lightspeed India",Private Equity,100000000.0,Series B,2015,8
2479,2015-08-03,Wizrocket,User Engagment & Analytics platform,,Mumbai,"Sequoia Capital, Accel Partners",Private Equity,9600000.0,Series B,2015,8
2480,2015-08-04,Pickingo,On-Demand Delivery Logistics,,Delhi,"Orios Venture Partners, Zishaan Hayath",Private Equity,1300000.0,Series A,2015,8
2481,2015-08-05,Grex,fund raising platform for startups,,Pune,"Kunal Bajaj, Chandru Badrinarayanan",Seed / Angel,650000.0,,2015,8
2482,2015-08-05,LetsTransport,Logistics Tech Platform,,Bengaluru,"Rebright Partners, Ankush Nijhawan, Gaurav Bhatnagar, Manish Dhingra",Seed / Angel,1300000.0,,2015,8
2483,2015-08-05,Zo Rooms,Online budget hotel chain,,Delhi,"Tiger Global Management, Orios Venture Partners",Private Equity,30000000.0,Series A,2015,8
2484,2015-08-05,Doormint,Hyperlocal Handyman services,,Mumbai,"Helion Venture Partners, Kalaari Capital",Private Equity,3000000.0,Series A,2015,8
2485,2015-08-05,NightStay,hotel booking app,,Noida,"BedRock Ventures, Rajesh Sawhney, Shailesh Singh",Seed / Angel,500000.0,,2015,8
2487,2015-08-05,Sunday Realty Solutions,Tech Platform for property brokers,,Mumbai,"Ramesh Jogani, Shailesh Viswanathan, Jay Srinivasan",Seed / Angel,785000.0,,2015,8
2489,2015-08-06,Appvigil,App security testing platform,,Mumbai,"Ravi Gururaj, Gaurav Sharma, Viswanath Ramachandran, RippleWave",Seed / Angel,500000.0,pre Series-A,2015,8
2490,2015-08-06,practo,Doctor Appointment booking app,,Bengaluru,"Sofina, Google Capital, Altimeter Capital, Sequoia Capital Global Equities, Yuri Milner, Sequoia Capital, Matrix Partners",Private Equity,90000000.0,Series C,2015,8
2493,2015-08-06,Ketto,Crowd funding platform,,Mumbai,"Chennai Angels, Calcutta Angels, ah! Ventures, Intellecap Impact Investment Network, Indus Age Partners, Singapore Angel Network, India Internet Fund, LetsVenture",Seed / Angel,700000.0,,2015,8
2494,2015-08-06,Ezetap,Mobile based PoS solution,,Bengaluru,"Horizons Ventures, Capricorn Investment Group, Social+Capital, Helion Advisors, Berggruen Holdings",Private Equity,25000000.0,Series C,2015,8
2496,2015-08-07,Carls Jr,Fast food Chain Franchisee,,Gurugram,YouWeCan Ventures,Seed / Angel,630000.0,,2015,8
2497,2015-08-07,EasyRewardz,Loyalty Programs & Reward Points,,Mumbai,"Wealth First, Ashneer Grover, Atul Phadnis",Private Equity,500000.0,Pre-Series A,2015,8
2501,2015-08-10,MyTaxiIndia,Taxi Rental platform,,Gurugram,"Nihon Kotsu,",Private Equity,500000.0,Pre Series-A,2015,8
2502,2015-08-10,eSadar,E-Commerce,,Delhi,"Neha Vats, Gaurav Vats",Seed / Angel,80000.0,,2015,8
2504,2015-08-10,MyPoolin,mobile social network,,Delhi,QPrize from Qualcomm Ventures,Seed / Angel,250000.0,QPrize Contest Winners,2015,8
2505,2015-08-10,NearBuy (previously groupon India),Hyper-Local Ecommerce,,Delhi,Sequoia Capital,Private Equity,16000000.0,Series A,2015,8
2506,2015-08-10,Inkmonk,Online printing marketplace,,Chennai,"Girish Mathrubootham, Phanindra Sama, Vikram Chachra, Others from LetsVenture",Seed / Angel,250000.0,,2015,8
2507,2015-08-10,ToneTag,mobile payment software platform,,Bengaluru,Reliance Capital Venture,Private Equity,1000000.0,Series A,2015,8
2508,2015-08-10,Grey Orange,Automated Storage & Warehousing Solution,,Gurugram,Tiger Global Management,Private Equity,30000000.0,Series B,2015,8
2509,2015-08-11,Livspace,Home Design & Dcor solutions,,Bengaluru,"Helion Ventures, Jungle Ventures & Bessemer Venture Partners",Private Equity,8000000.0,Series A,2015,8
2510,2015-08-11,WOW! MOMO,Quick Service Restaurant Chain,,Kolkata,Indian Angel Network,Seed / Angel,1600000.0,,2015,8
2511,2015-08-11,RainCan,Subscription based Online Grocery platform,,Pune,Ajeet Khurana & Others,Seed / Angel,100000.0,,2015,8
2512,2015-08-11,Allygrow Technologies,engineering services company,,Mumbai,Zodius Technology Fund,Private Equity,20000000.0,Series A,2015,8
2513,2015-08-11,Infogain,Business and IT consulting,,Delhi,ChrysCapital,Private Equity,63000000.0,,2015,8
2514,2015-08-12,OneAssist,Credit Card Fraud protection solutions,,Mumbai,"Sequoia Capital, Lightspeed Ventures",Private Equity,7500000.0,Series B,2015,8
2515,2015-08-12,BigBasket,Online & mobile Grocery store,,Bengaluru,Bessemer Venture Partners,Private Equity,50000000.0,Series C,2015,8
2516,2015-08-12,Sheroes,Career Community for Women,,Noida,"Quintillion Media, 500 Startups",Seed / Angel,770000.0,,2015,8
2517,2015-08-12,Scripbox,Mutual Fund Investing platform,,Bengaluru,"Accel Partners, Deep Kalra, Rajesh Magow, Mohit Gupta, Shamik Sharma",Private Equity,2500000.0,Series A,2015,8
2518,2015-08-13,etaout,Ecommerce Marketing Software Platform,,Noida,"Amit Ranjan, Vijay Shekhar Sharma, Kunal Bahl, Girish Mathrubootham & Group of other Angel investors",Seed / Angel,500000.0,,2015,8
2519,2015-08-13,IFMR Holdings,Financial Inclusion platform,,Chennai,"Accion, LeapFrog Investments, Lok Capital",Private Equity,25000000.0,Series B,2015,8
2521,2015-08-13,Agrostar,Mobile Commerce for Farmers,,Pune,IDG Ventures,Private Equity,4000000.0,Series A,2015,8
2522,2015-08-14,VoxWeb,Picture based Social App,,Mumbai,Jitendra Gupta & others,Seed / Angel,100000.0,,2015,8
2523,2015-08-14,Trukky,Logistics service platform,,Ahmedabad,"Gujarat based angel investors, MMY co-Founder",Seed / Angel,245000.0,,2015,8
2525,2015-08-17,Edu4Share,Exam Preparation Platform,,Delhi,Nalin Jain & other angel investors,Seed / Angel,220000.0,,2015,8
2527,2015-08-17,Sampurnearth,Waste Management Solutions,,Mumbai,"Intellecap Impact Investment Network, family office fund",Seed / Angel,160000.0,,2015,8
2531,2015-08-17,ShadowFax,on-demand delivery service,,Gurugram,"Kunal Bahl, Rohit Bansal, Zishaan Hayath, Prashant Malik",Seed / Angel,310000.0,,2015,8
2533,2015-08-18,Roposo,Fashion Discovery platform,,Gurugram,Tiger Global,Private Equity,15000000.0,Series B,2015,8
2534,2015-08-18,IntelligenceNODE,Data Analytics Platform,,Mumbai,"New Enterprise Associates, Orios Venture Partners",Private Equity,4200000.0,Series A,2015,8
2535,2015-08-18,HyperVerge,Deep Learning Cloud Algorithms,,Chennai,"NEA, Milliways Ventures, Naya Ventures",Seed / Angel,1000000.0,,2015,8
2538,2015-08-18,Zoojoo.be,Corporate Wellness App,,Bengaluru,RoundGlass Partners,Private Equity,1000000.0,Series A,2015,8
2540,2015-08-19,TimeSaverz,"Hyperlocal Maintenance, Repair & Cleaning services",,Mumbai,Unilazer Ventures,Private Equity,2400000.0,,2015,8
2542,2015-08-19,MebelKart,Online Furniture Marketplace,,Bengaluru,AskMe,Private Equity,20000000.0,,2015,8
2543,2015-08-20,LabsAdvisor,Online Diagnostic Tests Marketplace,,Delhi,Group of Angel Investors,Seed / Angel,156000.0,,2015,8
2544,2015-08-20,Flatpebble,Online marketplace for Photographers,,Hyderabad,Indian Angel Network,Seed / Angel,600000.0,,2015,8
2545,2015-08-20,Bluegape.com,Visual Blogging platform,,Delhi,"ah! Ventures, Times Internet, Rudy Gopalakrishnan",Seed / Angel,600000.0,,2015,8
2546,2015-08-21,ePoise,Job Search Platform,,Bengaluru,"Orios Venture Partners, Amit Ranjan & others",Seed / Angel,500000.0,,2015,8
2547,2015-08-24,Jolly Food Fellow,Food Customer analytics platform,,Ahmedabad,The 1947,Seed / Angel,300000.0,,2015,8
2548,2015-08-24,BookMeIn,Professional Service Appointment booking service,,Mumbai,Ajmera Group of Companies,Seed / Angel,400000.0,,2015,8
2551,2015-08-25,Qyk App,On-Demand App based Professional service provider,,Bengaluru,"GrowX ventures, Tracxn Labs, Powai Lake Ventures, and Sahil Barua",Private Equity,1000000.0,pre-series A,2015,8
2552,2015-08-25,EazyDiner,Restaurant Reservation Platform,,Gurugram,"DSG Consumer Partners, Saama Capital",Private Equity,3000000.0,Series A,2015,8
2553,2015-08-25,RevX,Cross-channel CRM platform,,Mumbai,"Norwest Venture Partners, Nexus Venture Partners, Helion Venture Partners, Draper Fisher Jurvetson, Peepul Capital",Private Equity,4000000.0,Series A,2015,8
2554,2015-08-25,ICustomMadeIt,Professional Custom creators Marketplace,,Pune,Group of Angel Investors,Seed / Angel,250000.0,,2015,8
2555,2015-08-26,PickMyLaundry,on-Demand Washing & Dry-Cleaning,,Delhi,GHV Accelerator,Seed / Angel,100000.0,,2015,8
2556,2015-08-26,Belita,On-Demand Beauty Service,,Mumbai,"India Quotient, LetsVenture investors, Lead Angels",Seed / Angel,400000.0,,2015,8
2558,2015-08-26,FoodTalkIndia,Online Food Community Platform,,Gurugram,Undisclosed Investor,Seed / Angel,500000.0,,2015,8
2563,2015-08-28,Vyomo,Beauty & Lifestyle Mobile Marketplace,,Bengaluru,Rocket Internet,Private Equity,2000000.0,Pre-Series A,2015,8
2564,2015-08-28,RollMafia,QSR Restaurant Chain,,Pune,Equentia Natural Resources,Seed / Angel,160000.0,,2015,8
2566,2015-08-31,DropKaffe,Online Coffee Delivery platform,,Bengaluru,"Manish Singhal, P39 Capital & Others",Seed / Angel,300000.0,,2015,8
2567,2015-08-31,Reverie,Language Localization Cloud platform,,Bengaluru,"Aspada Investment Advisors, Qualcomm Ventures",Private Equity,4000000.0,Series A,2015,8
2571,2015-07-01,Cloudcherry Analytics,CRM / Analytics platform,,Chennai,"The Chennai Angels, IDG Ventures India",Seed / Angel,1000000.0,,2015,7
2572,2015-07-01,HandyHome,Hyperlocal Electronics repair Service,,Mumbai,"Bessemer Ventures, Kae Capital",Seed / Angel,630000.0,,2015,7
2575,2015-07-01,NxtGen,IT infrastructure & Data Center services,,Bengaluru,"IFC, Axon Partners, Intel Capital",Private Equity,13500000.0,Series A,2015,7
2576,2015-07-02,BankBazaar,Online Financial Services,,Chennai,"Amazon, Fidelity Growth Partners, Mousse Partners",Private Equity,60000000.0,Series C\\n(More here),2015,7
2577,2015-07-02,Gozoomo,Used Car Marketplace,,Bengaluru,SAIF Partners,Private Equity,5000000.0,Series A,2015,7
2578,2015-07-02,Zenatix,Internet of Things platform,,Gurugram,"Rajan Anandan, Kunal Bahl, Rohit Bansal, Rahul Khanna",Seed / Angel,161000.0,,2015,7
2579,2015-07-03,CultureAlley,Language Learning App,,Jaipur,Tiger Global,Private Equity,6500000.0,Series A,2015,7
2581,2015-07-03,Gingercrush,Custom Merchandize platform,,Ahmedabad,"Gokul Jaykrishna, Brand Capital",Seed / Angel,1000000.0,,2015,7
2583,2015-07-04,Stitchwood,Custom Furniture Marketplace,,Mumbai,"Powai Lake Ventures, Ajeet Khurana & others",Seed / Angel,395000.0,,2015,7
2586,2015-07-06,Paper Boat,Ethnic Beverages manufacturer,,Gurugram,"Sofina, Hillhouse Capital",Private Equity,30000000.0,Series B,2015,7
2588,2015-07-07,Wudstay,Budget Accommodation aggregator,,Gurugram,"Mangroves Capital Partners, Vikas Saxena",Private Equity,3000000.0,Series A,2015,7
2589,2015-07-07,Liases Foras,Real Estate Rating & Analysis,,Delhi,DMG information Asia Pacific,Private Equity,5000000.0,Series A,2015,7
2593,2015-07-08,Saavn,Music Streaming App,,Mumbai,"Tiger Global Management, Bertelsmann India, Steadview Capital, Liberty Media, Mousse Partners, Quilvest",Private Equity,100000000.0,Series C,2015,7
2594,2015-07-08,Flytxt,Big Data & Analytics platform,,Mumbai,"Sunrise Capital GmBH, Big Data Investments B.V",Private Equity,11000000.0,Series A,2015,7
2595,2015-07-08,Axtria,Big Data & Analytics platform,,India,"Helion Venture Partners,Amarpreet Sawhney, Deshpande Foundation, Fred Khosravi, Richard S. Braddock",Private Equity,30000000.0,Series C,2015,7
2596,2015-07-08,33Coupons,Coupon Aggregator Platform,,Kanpur,Not Disclosed,Seed / Angel,20000.0,,2015,7
2598,2015-07-08,Hopping Chef,Online Food-Tech Platform,,Mumbai,Mirah Hospitality,Seed / Angel,470000.0,Strategic Investment,2015,7
2599,2015-07-08,Collectabillia,Celebrity Fashion Brand,,Bengaluru,Accel Partners,Private Equity,7500000.0,Series B,2015,7
2600,2015-07-08,Lendingkart,Online Finance lending platform,,Ahmedabad,"Saama Capital, Mayfield, Ashvin Chadha, Shailesh Mehta",Private Equity,10000000.0,Series A,2015,7
2601,2015-07-08,Lybrate,Healthcare Mobile App,,Delhi,"Tiger Global Management, Ratan Tata, Nexus Venture Partners",Private Equity,10200000.0,Series A,2015,7
2602,2015-07-08,Zoomcar,Self-driven vehicle rental,,Bengaluru,"Sequoia Capital, Empire Angels, NGP",Private Equity,11000000.0,Series B,2015,7
2603,2015-07-09,News in shorts,News Aggregator mobile app,,Noida,Tiger Global,Private Equity,20000000.0,\\xc2\\xa0Series B,2015,7
2604,2015-07-09,Bluestone,Online Jewellery Store,,Bengaluru,"IvyCap Ventures, Accel Partners, Dragoneer Investment Group",Private Equity,16200000.0,,2015,7
2607,2015-07-10,Infinity Assurance,Warranty Programs Service Administration,,Delhi,Indian Angel Network,Seed / Angel,600000.0,,2015,7
2608,2015-07-10,Footprints Education,Pre-School Chain,,Gurugram,"LetsVenture, Kumar Bansal, Kshitij Jain",Seed / Angel,685000.0,,2015,7
2609,2015-07-10,Loylty Rewards,Premium Loyalty Rewards Point Management,,Mumbai,IndianIdeas.com,Private Equity,19350000.0,\\xc2\\xa0Late Stage,2015,7
2610,2015-07-13,Ameyo,Contact Center Software Platform,,Gurugram,Forum Synergies PE Fund,Private Equity,5000000.0,\\xc2\\xa0Series A,2015,7
2611,2015-07-13,Mamagoto,Casual Dining restaurant Chain,,Delhi,Goldman Sachs,Private Equity,10000000.0,\\xc2\\xa0Series A,2015,7
2613,2015-07-14,MySmartPrice,Online comparison engine,,Hyderabad,"Accel Partners, Helion Venture Partners",Private Equity,10000000.0,Series B,2015,7
2615,2015-07-14,Boxmyspace,Physical Storage warehouses,,Mumbai,"Ritesh Veera, Singapore Angel Network, Orios Venture Partners,",Seed / Angel,300000.0,,2015,7
2616,2015-07-14,HackerRank,Tech Recruitment platform,,Bengaluru,HR Technology fund,Private Equity,7500000.0,Series C,2015,7
2617,2015-07-14,WickedRide,Bike Rental Platform,,Bengaluru,Undisclosed,Seed / Angel,790000.0,,2015,7
2618,2015-07-14,WoWexpress,Tech enabled logistics platform,,Mumbai,Tamarind Family Private Trust,Seed / Angel,500000.0,,2015,7
2619,2015-07-15,OYO,Budget Hotel Accommodation,,Gurugram,"Softbank, Sequoia Capital",Private Equity,100000000.0,Series B,2015,7
2620,2015-07-15,Mobikon,Restaurant customer engagement platform,,Pune,Jungle Ventures,Private Equity,2300000.0,Series B,2015,7
2622,2015-07-15,Roadrunnr,Hyper local logistics platform,,Bengaluru,"Sequoia Capital, Nexus Venture Partners, Blume Ventures",Private Equity,11000000.0,Series A,2015,7
2623,2015-07-16,Ketto,Crowd Funding Platform,,Mumbai,"Pradyumna Dalmia, Sudhir Rao & Others",Seed / Angel,700000.0,,2015,7
2624,2015-07-17,QuikWallet,F&B sector Mobile Payment platform,,Mumbai,Snow Leopard Technology Ventures,Private Equity,1600000.0,Follow on Funding,2015,7
2625,2015-07-17,Omnikart,Industrial Supplies B2B ecommerce,,Mumbai,"Sumit Gandhi, Manish Gandhi",Seed / Angel,100000.0,,2015,7
2626,2015-07-20,Zo Rooms,Online budget hotel chain,,Delhi,"Tiger Global, Orios Venture Partners.",Private Equity,15000000.0,No confirmation,2015,7
2627,2015-07-20,Innoviti,Payment Solutions platform,,Bengaluru,"Catamaran Ventures, New India Investment Corporation",Private Equity,4850000.0,Series A,2015,7
2629,2015-07-21,Joy by nature,Organic Food ecommerce,,Delhi,"Mumbai Angels, Vriddhi Fund, Others",Private Equity,1000000.0,Series A,2015,7
2630,2015-07-22,Iqlect,Big Data & Analytics platform,,Bengaluru,Exfinity Venture Partners,Private Equity,2000000.0,Series A,2015,7
2631,2015-07-22,deGustibus,Fine Dining Restaurant Chain,,Mumbai,India Value Fund Advisors,Private Equity,30000000.0,Late Stage,2015,7
2632,2015-07-23,Nestaway,Luxury Rental Homes,,Bengaluru,"Flipkart, Tiger Global",Private Equity,12750000.0,Series A,2015,7
2633,2015-07-23,Mswipe,Mobile Point of Sale payment solution,,Unknown,"Falcon Edge Capital, Meru Capital, Ola, Matrix Partners, DSG Consumer Partners, Axis Bank",Private Equity,25000000.0,Series B,2015,7
2634,2015-07-23,Myonsto,Online Grocers,,Ahmedabad,Jayant Bokadia,Seed / Angel,320000.0,,2015,7
2636,2015-07-23,MedGenome,Clinical Genomics Provider,,Bengaluru,Sequoia Capital,Private Equity,20000000.0,Series B,2015,7
2637,2015-07-23,HolidayIQ,Travel information portal,,Bengaluru,MakeMyTrip,Private Equity,15000000.0,Strategic Investment,2015,7
2638,2015-07-23,Fitternity,Fitness Marketplace,,Mumbai,Exfinity Venture Partners,Private Equity,1000000.0,Series A,2015,7
2639,2015-07-23,Quikr,Online & Mobile classified listings,,Mumbai,"AB Kinnevik, Falcon Edge Capital, Coatue Management",Private Equity,60000000.0,Late Stage,2015,7
2641,2015-07-24,BroEx,Real Estate Broker network App,,Gurugram,Lightspeed India,Private Equity,1000000.0,Bridge round,2015,7
2643,2015-07-25,CredR,Used Bikes Marketplace,,Mumbai,Fidelity Growth Partners,Private Equity,15000000.0,Series A,2015,7
2644,2015-07-27,ManageMySpa,Spa & Salon Management Software,,Hyderabad,Accel Partners,Private Equity,6000000.0,Series A,2015,7
2648,2015-07-28,Pepperfry,Online home dcor marketplace,,Mumbai,"Goldman Sachs, Zodius Technology Fund, Bertelsmann India Investments Norwest Venture Partners.",Private Equity,100000000.0,Series D,2015,7
2649,2015-07-28,Flipkart,Online Marketplace,,Bengaluru,Steadview Capital and existing investors,Private Equity,700000000.0,"Late Stage, 10th Round More here",2015,7
2650,2015-07-28,Opinio,Hyperlocal food & grocery store,,Bengaluru,"Accel Partners, Traxcn Labs & Others",Seed / Angel,1300000.0,,2015,7
2651,2015-07-28,Zoctr,Health-Tech platform,,Mumbai,"Sandeep Parwal, Krishan Gupta & Others",Seed / Angel,1000000.0,,2015,7
2652,2015-07-29,Zimmber,Hyperlocal Handyman Services,,Mumbai,"IDG Ventures India, Omidyar Network, Sherpalo Ventures, Mohandas Pai",Private Equity,2000000.0,Series A,2015,7
2653,2015-07-29,trueHb,Medical Tech Instruments,,Delhi,"Sachin and Binny Bansal, Malvinder and Shivinder Singh, Gurpreet Singh & others",Seed / Angel,2400000.0,,2015,7
2654,2015-07-29,Zovi.com / Little App,Hyperlocal Deals Marketplace,,Bengaluru,"Paytm, SAIF Partners, Tiger Global Management & others",Private Equity,50000000.0,Series A,2015,7
2655,2015-07-29,Swajal,Innovative Water Solutions,,Gurugram,Abhishek Gupta,Private Equity,1200000.0,Series A,2015,7
2656,2015-07-30,Pipa Bella,Online Jewelry Store,,Mumbai,LionRock Capital,Private Equity,600000.0,Pre-Series A,2015,7
2657,2015-07-30,Pragmatix,Business intelligence & Analytics,,Mumbai,SIDBI Venture Capital Ltd,Private Equity,2400000.0,Series A,2015,7
2658,2015-07-30,Droom.in,Used Vehicle Marketplace,,Delhi,"Lightbox Ventures, Beenos",Private Equity,16000000.0,Series A,2015,7
2659,2015-07-30,MadRat Games,Educational Board Games,,Bengaluru,"Kunal Bahl, Rohit Bansal",Seed / Angel,168000.0,,2015,7
2660,2015-07-30,Noodle Play,Chinese food delivery,,Mumbai,"Elliot Stechman, Gautam Sinha, Ambarish Ray",Seed / Angel,168000.0,,2015,7
2663,2015-07-31,LazyLad,Hyperlocal Grocery App,,Gurugram,"Jai Choi, Kiyohiro Sugashita, Hirokazu",Private Equity,500000.0,pre-Series A,2015,7
2665,2015-07-31,Prothom,Hasbro Toy Manufacturer,,Pune,Oliphabs Capital,Private Equity,2000000.0,Series A,2015,7
2666,2015-07-31,Bona Vita,Travel Tech,,Gurugram,MakeMyTrip,Private Equity,5000000.0,Strategic Investment,2015,7
2668,2015-06-01,Veeba Foods,Healthy Food Manufacturer,,Delhi,"DSG Consumer Partners, Saama Capital.",Private Equity,6000000.0,Series B,2015,6
2669,2015-06-01,Truebil,Used Car Marketplace,,Mumbai,"Kae Capital, Anupam Mittal",Seed / Angel,500000.0,,2015,6
2670,2015-06-01,Meritnation,Online Learning Platform,,Delhi,InfoEdge,Private Equity,4000000.0,Series C,2015,6
2671,2015-06-01,Eattreatonline,Healthy Food Online Community,,Delhi,Group of 15 Angel Investors,Seed / Angel,350000.0,,2015,6
2673,2015-06-01,Glamrs,Online Fashion Video Portal,,Mumbai,"Ventureworks India, Blume Ventures, Batlivala & Karani Securities, Nikunj Jhaveri",Private Equity,1000000.0,Pre-Series A,2015,6
2674,2015-06-01,Proviera,Probiotic Technology Products Manufacturer,,Chennai,Infuse Ventures,Private Equity,550000.0,,2015,6
2675,2015-06-01,Arth DesignBuild,Architectural Design & Consulting,,Hyderabad,Srinivas Tirupati,Seed / Angel,500000.0,,2015,6
2676,2015-06-02,Saama,Big Data & Analytics Services,,Pune,Carrick Capital Partners,Private Equity,35000000.0,Series A,2015,6
2677,2015-06-02,AllIzHealth,Preventive Healthcare Services,,Pune,Mumbai Angels & Other angel investors,Seed / Angel,350000.0,,2015,6
2680,2015-06-03,Propstack,Real Estate Intelligence Platform,,Mumbai,DMG Information,Private Equity,3000000.0,Series A,2015,6
2681,2015-06-03,MyTaxiIndia,Online Car Rental Affiliates,,Delhi,Green House Ventures,Seed / Angel,100000.0,,2015,6
2682,2015-06-03,Arkin Net,Data Center Software platform,,Pune,Nexus Venture Partners,Private Equity,15000000.0,Series B,2015,6
2683,2015-06-03,Little Black Book Delhi,Online City & Lifestyle Guide,,Delhi,"Rajan Anandan, Niraj Singh, Sachin Bhatia, Singapore Angel Network & Aseem Vadehra",Seed / Angel,150000.0,,2015,6
2685,2015-06-03,iCustomadeit,Bespoke Merchandize Marketplace,,Pune,"Virendra Shahney, Dr Paresh Doshi",Seed / Angel,250000.0,,2015,6
2687,2015-06-04,Ecom Express,Logistics Solution Provider,,Delhi,Warburg Pincus,Private Equity,137000000.0,Series C,2015,6
2688,2015-06-04,Vidooly,Video Intelligence Platform,,Noida,Bessemer Venture Partners,Private Equity,1000000.0,Pre-Series A,2015,6
2689,2015-06-04,Zopper,Hyperlocal Shopping App,,Mumbai,"Tiger Global, Nirvana Ventures Advisors",Private Equity,20000000.0,Series C,2015,6
2690,2015-06-04,Flipkart,eCommerce platform,,Bengaluru,Morgan Stanley,Private Equity,50000000.0,Late Stage,2015,6
2691,2015-06-05,kWatt Solutions,Renewable energy solutions,,Mumbai,Undisclosed,Seed / Angel,500000.0,,2015,6
2692,2015-06-05,Medwell Ventures,Healthcare Service provider,,Bengaluru,"Fidelity Growth Partners, Fidelity Biosciences",Private Equity,10000000.0,Series A,2015,6
2693,2015-06-05,Jugnoo,Auto Rickshaw Based Services,,Chandigarh,"Snow Leopard, Paytm",Private Equity,5000000.0,Series A,2015,6
2695,2015-06-08,Applied Solar Technologies,Off-grid Solar Power,,Mumbai,"Future Fund,Bessemer Venture, Capricorn Investment and IFC",Private Equity,40000000.0,Series B,2015,6
2696,2015-06-09,Clovia,Private Label lingerie Ecommerce,,Delhi,IvyCap Ventures,Private Equity,5000000.0,Series A,2015,6
2697,2015-06-09,Swiggy,Online Food Ordering,,Bengaluru,"Norwest Venture Partners, SAIF Partners, Accel Partners",Private Equity,16500000.0,Series B,2015,6
2698,2015-06-09,PayMango,Mobile Commerce Platform,,Gurugram,Group of Angel Investors,Seed / Angel,234000.0,,2015,6
2700,2015-06-09,Teritree,Digital Marketing Services,,Bengaluru,KCL,Seed / Angel,140000.0,,2015,6
2702,2015-06-10,Voonik,Fashion Ecommerce store,,Bengaluru,"Sequoia Capital, Seedfund",Private Equity,5000000.0,Series A,2015,6
2703,2015-06-11,AdStringO,Mobile Compression Software,,Mumbai,"Arihant Patni, Vishal Khare, Viswanath Ramachandran",Seed / Angel,350000.0,,2015,6
2704,2015-06-11,Faircent.com,Peer to Peer Lending platform,,Gurugram,M&S Partners Pte. Ltd,Seed / Angel,250000.0,Pre-Series A,2015,6
2705,2015-06-12,La Renon,Global Healthcare products,,Ahmedabad,Sequoia Capital,Private Equity,16000000.0,Series A,2015,6
2706,2015-06-15,Homelane,Home Furnishing Solutions,,Bengaluru,Sequoia Capital,Private Equity,50000000.0,Series B,2015,6
2708,2015-06-15,Shippr,Intra-City Logistics service,,Bengaluru,i2india Pvt Ltd,Seed / Angel,500000.0,,2015,6
2711,2015-06-16,CouponRaja,Online Coupon & comparison platform,,Mumbai,"Mahesh Pratapneni, Pallab Chatterjee & others",Seed / Angel,500000.0,,2015,6
2714,2015-06-17,MyDentist,Dental Clinic chain,,Mumbai,"LGT Group, Asian Healthcare fund, Seedfund",Private Equity,8200000.0,Series C,2015,6
2716,2015-06-18,Fracktal Works,3D Printer Manufacturer,,Bengaluru,Neoteric Infomatique Limited,Private Equity,3000000.0,Series A,2015,6
2717,2015-06-18,Hansa Customer Equity,IT / Customer Engagement Consulting,,Mumbai,ASK Pravi,Private Equity,5000000.0,Series A,2015,6
2720,2015-06-19,Housejoy,Home services marketplace,,Bengaluru,Matrix Partners,Private Equity,4000000.0,Series A,2015,6
2721,2015-06-19,FundsIndia.com,Financial Services Platform,,Chennai,"Faering Capital, Foundation Capital, Inventus Capital Partners",Private Equity,11000000.0,Series C,2015,6
2722,2015-06-20,Cupick,Social Network for Artists,,Bengaluru,Group of Angel Investors from US/India,Seed / Angel,120000.0,,2015,6
2723,2015-06-20,Tracxn,Startup funding platform,,Bengaluru,"Sachin Bansal, Bunny Bansal & other investors",Private Equity,10000000.0,Series A,2015,6
2724,2015-06-21,Holachef,Food Delivery Platform,,Mumbai,"Kalaari Capital, India Quotient",Private Equity,3100000.0,Series A,2015,6
2725,2015-06-22,elong,Data Driven recruitment recommendation,,Bengaluru,"Kunal Bahl, Rohit Bansal, Blume Ventures, Phanindra Sama, Raju Reddy",Private Equity,5000000.0,Series A,2015,6
2728,2015-06-22,Vidgyor,Video Advertisement Platform,,Bengaluru,AngelPrime,Seed / Angel,500000.0,,2015,6
2730,2015-06-23,Goodservice,Mobile Chat based concierge service,,Delhi,Sequoia Capital,Private Equity,1600000.0,Series A,2015,6
2731,2015-06-23,Treebo,Online Budget Hotel Booking Service,,Bengaluru,"Matrix Partners India, SAIF Partners",Private Equity,6000000.0,Series A,2015,6
2732,2015-06-23,EduKart,Online education marketplace,,Delhi,"Holostik Group, YouWeCan Ventures, 500 Startups, Vijay Shekhar Sharma, Manish Kheterpal, Amit Patni",Private Equity,1000000.0,Series A,2015,6
2737,2015-06-24,Indix,SaaS product intelligence platform,,Unknown,"Nokia Growth Partners, Nexus Venture Partners, Avalon Ventures",Private Equity,15000000.0,Series C,2015,6
2738,2015-06-24,The Porter,Logistics Tech,,Mumbai,"Sequoia Capital, Kae Capital, Anupam Mittal, Sandeep Tandon",Private Equity,5500000.0,Series A,2015,6
2739,2015-06-24,Retention.ai,App Analytics platform,,Bengaluru,"Mercury Fund, Anshu Sharma, Pratyush Prasanna, Robert Winters & others",Seed / Angel,500000.0,,2015,6
2740,2015-06-25,Fusion Microfinance,Micro Finance Platform,,Delhi,"Development finance institution Belgian Investment Company, Oikocredit",Private Equity,8600000.0,Series C,2015,6
2741,2015-06-25,Zinka,Freight logistics platform,,Bengaluru,"Accel Partners, Flipkart",Private Equity,6000000.0,Series A,2015,6
2742,2015-06-26,CreditMantri,Credit Management Services,,Chennai,"IDG Ventures India, Elevar Equity, Accion Venture Lab",Private Equity,2500000.0,Series A,2015,6
2743,2015-06-26,GetMyPeon,Hyperlocal Handyman Services,,Mumbai,Undisclosed investors,Seed / Angel,250000.0,,2015,6
2744,2015-06-29,UrbanClap,Hyperlocal services marketplace,,Delhi,"SAIF Partners, Accel Partners",Private Equity,10000000.0,Series A,2015,6
2746,2015-06-29,AdWyze,Marketing / Advertising Automation platform,,Bengaluru,Mape Advisory,Seed / Angel,1000000.0,,2015,6
2747,2015-06-29,Zimmber,Hyperlocal Handyman Services,,Mumbai,"Naveen Tiwari, Mohit Saxena, Amit Gupta, Piyush Shah, Manish Dugar",Seed / Angel,400000.0,,2015,6
2751,2015-06-30,Flatchat,Flat rental Mobile App,,Bengaluru,Commonfloor,Private Equity,2500000.0,Strategic Funding,2015,6
2752,2015-06-30,MyCFO,Wealth Management Platform,,Mumbai,Sameer Koticha,Private Equity,1500000.0,Series A,2015,6
2753,2015-05-01,Foodpanda,Online Food Delivery,,Gurugram,"Goldman Sachs, Rocket Internet",Private Equity,100000000.0,Series D,2015,5
2754,2015-05-01,Termsheet,Fund Raising Platform,,Chennai,"Anand Vijay, Nipun Dureja, Satyajit Heeralal, Keith Rodricks, Gaurav Lochan, Azmul Haque, Nikhil Bagri",Seed / Angel,100000.0,,2015,5
2755,2015-05-04,Applicate,Workforce Management Software,,Bengaluru,"Rishi Vasudev, Amit Gupta, Rajiv Nayan",Seed / Angel,550000.0,,2015,5
2756,2015-05-04,World Art Community,Online Art Marketplace,,Gurugram,Viraj Tyagi & others,Seed / Angel,200000.0,,2015,5
2757,2015-05-04,SpoonJoy,Online Food Delivery,,Bengaluru,SAIF Partners,Seed / Angel,1000000.0,,2015,5
2758,2015-05-05,Seed Schools,Affordable Education,,Hyderabad,Acumen Fund,Seed / Angel,650000.0,,2015,5
2759,2015-05-05,Ignis Careers,Career Development,,Hyderabad,Acumen Fund,Seed / Angel,250000.0,,2015,5
2760,2015-05-05,Square Yards,Real Estate Advisory,,Gurugram,Undisclosed Investors,Private Equity,6000000.0,pre-Series A,2015,5
2761,2015-05-05,Fintellix,Banking Analytics Platform,,Bengaluru,"IDG Ventures, Sequoia Capital",Private Equity,15000000.0,Series C,2015,5
2763,2015-05-06,Delhivery,Ecommerce Logistics,,Gurugram,"Tiger Global Management, Multiples Alternate Asset Management, Nexus Venture Partners, Times Internet",Private Equity,85000000.0,Series D,2015,5
2764,2015-05-06,Swiggy,Online Food Delivery,,Bengaluru,Norwest Venture Partners,Private Equity,15000000.0,Series B,2015,5
2766,2015-05-07,Box8,Online Food Delivery,,Mumbai,Mayfield Ventures,Private Equity,3500000.0,Series A,2015,5
2767,2015-05-07,Toppr,Online Education Platform,,Mumbai,"Fidelity Growth Partners India, SAIF Partners, Helion Ventures",Private Equity,10000000.0,Series B,2015,5
2768,2015-05-07,Vedantu,Online Education Platform,,Bengaluru,"Accel Partners, Tiger Global Management",Private Equity,5000000.0,Series A,2015,5
2769,2015-05-08,BuyHatke,Online Product Comparison,,Bengaluru,"S.Gopalakrishnan, Beenos",Seed / Angel,1000000.0,,2015,5
2771,2015-05-08,Uniken,Online Security Platform,,Pune,Exfinity Ventures,Private Equity,2000000.0,Bridge Round Pre-Series B,2015,5
2772,2015-05-08,GrandOpinion,Online Medical Diagnostic,,Delhi,Florida based Angel investor,Seed / Angel,150000.0,,2015,5
2774,2015-05-12,ZapStitch,Cloud Data Integration Platform,,Bengaluru,"Helion Venture Partners, Orios Venture Partners",Private Equity,2000000.0,Pre-Series A,2015,5
2775,2015-05-12,Wassup,Mobile Laundry Cleaning Service,,Chennai,"Arun Chandra Mohan, Praveen Sinha",Private Equity,2000000.0,Pre-Series A,2015,5
2777,2015-05-12,Plancess,Online Education Platform,,Mumbai,"Rajendra Gogri, Chandrakant Gogri",Seed / Angel,2000000.0,,2015,5
2781,2015-05-14,IndianRoots.com,Lifestyle Ecommerce Portal,,Gurugram,KJS Group,Private Equity,5000000.0,Series B,2015,5
2782,2015-05-14,RedPolka,Online Fashion Aggregator,,Mumbai,Undisclosed Investors,Seed / Angel,250000.0,,2015,5
2783,2015-05-15,Venturesity,Online Job skills Showcase,,Bengaluru,"Phanindra Sama, Jay Sethuram, Hemant Kanakia, Ravi Trivedi",Seed / Angel,270000.0,,2015,5
2786,2015-05-19,Chaayos,Offline Tea Chain,,Delhi,Tiger Global Management,Private Equity,1000000.0,Series A,2015,5
2787,2015-05-19,Akosha,Business Messaging App,,Delhi,Sequoia Capital,Private Equity,16000000.0,Series B,2015,5
2788,2015-05-19,Cooey,Health Mobile App,,Bengaluru,Subhash Goyal,Seed / Angel,470000.0,,2015,5
2789,2015-05-19,MeetUniv,Online Ed-Tech Platform,,Noida,Peesh Venture Capital,Seed / Angel,1000000.0,,2015,5
2791,2015-05-19,Crown-it,Hyperlocal Mobile Marketplace,,Gurugram,"Accel Partners, Helion Venture Partners",Private Equity,5500000.0,Series A,2015,5
2792,2015-05-19,Trucksfirst,Trucking Logistic Operations,,Gurugram,SAIF partners,Private Equity,10000000.0,Series A,2015,5
2793,2015-05-20,Lookup,B2C Messaging App,,Bengaluru,Biz Stone,Private Equity,3000000.0,Series A,2015,5
2795,2015-05-22,Nudgespot,Customer Engagement Platform,,Bengaluru,"Kae Capital, Anoop Goyal, Mike Shah, VA Sastry",Seed / Angel,625000.0,,2015,5
2797,2015-05-22,EveningFlavors,Online Table Reservation,,Bengaluru,Sandiep Shrivatsava,Seed / Angel,500000.0,,2015,5
2799,2015-05-25,ZenParent,Parents focused Web Content,,Bengaluru,i2india Ventures,Seed / Angel,500000.0,,2015,5
2801,2015-05-26,UrbanPro,On-demand Service marketplace,,Bengaluru,Nirvana Venture Advisors,Private Equity,2000000.0,Series A,2015,5
2802,2015-05-26,Goodbox,On-Demand Business messaging,,Bengaluru,Manipal Group,Seed / Angel,200000.0,,2015,5
2803,2015-05-26,Renderlogy,Online Home Dcor,,Hyderabad,Astarc Ventures,Private Equity,1000000.0,Series A,2015,5
2804,2015-05-27,Postman,API Workflow platform,,Bengaluru,Nexus Venture Partners,Seed / Angel,1000000.0,Series A,2015,5
2805,2015-05-27,Casa2inns,Affordable Hotel Booking Online,,Delhi,"Accel Partners, Kalaari Capital",Private Equity,5000000.0,Series A,2015,5
2806,2015-05-27,FleetRover,Logistics Intelligence,,Goa,"Tim Chen, Sanjay Venkat",Seed / Angel,180000.0,,2015,5
2807,2015-05-28,TheKarrier,Last Mile Logistics,,Bengaluru,"Sol Primero, Outbox Ventures, Nikunj Jain",Seed / Angel,240000.0,,2015,5
2808,2015-05-28,Zoomcar,Self-driven Car rental,,Bengaluru,Sequoia Capital,Private Equity,5000000.0,Series B Interim Funding,2015,5
2810,2015-05-30,Ather Energy,Electric Scooter Manufacturer,,Bengaluru,Tiger Global,Private Equity,12000000.0,Series A,2015,5
2811,2015-04-03,Swiggy,Online Food Delivery,,Bengaluru,"Accel Partners, SAIF Partners",Private Equity,2000000.0,Series A,2015,4
2812,2015-04-04,Bluegape,Web Content Publishing,,Gurugram,"Rudy Gopalakrishnan, ah! Ventures",Seed / Angel,200000.0,,2015,4
2813,2015-04-04,KeepTrax,Location Based App,,Dallas,Undisclosed,Seed / Angel,1000000.0,,2015,4
2814,2015-04-06,InstaLively,Video Streaming,,Delhi,"Rajesh Sawheny , Rajan Anandan, Amit Ranjan, Niraj Singh, AECAL, MeraEvents.",Seed / Angel,120000.0,,2015,4
2815,2015-04-07,Pricejugaad,Price Comparison,,Hyderabad,"Amit Tyagi, Sandeep Acharya & others",Seed / Angel,165000.0,,2015,4
2816,2015-04-07,Quikr,Online Classifieds,,Mumbai,"Tiger Global, Investment AB Kinnevik, Steadview Capital",Private Equity,150000000.0,Series G (Check prev funding details here),2015,4
2817,2015-04-07,PressPlay,Travel Entertainment,,Delhi,"Sequoia Capital, Jason Hirschhorn, Jarett Posner, and Amit Bhatiani",Seed / Angel,2200000.0,,2015,4
2819,2015-04-08,FirstCry.com,E-Commerce,,Pune,"Silicon Valley Ventures, NEA Ventures, Valiant Capital, IDG Ventures India, SAIF Partners, Vertex Ventures",Private Equity,10000000.0,"Series D ( In Feb it was announced they raised 26M, but it is 36M, so added here)",2015,4
2820,2015-04-08,MobiKwik,Digital / Mobile Wallet,,Gurugram,"Tree Line Asia, Cisco Investments, American Express, Sequoia Capital",Private Equity,25000000.0,Series B,2015,4
2821,2015-04-08,Ola,Cab Aggregator,,Bengaluru,"DST Global, Steadview Capital, Tiger Global, Accel Partners & Others",Private Equity,400000000.0,Series E (Updated from 315M to 400M after Press Release),2015,4
2822,2015-04-09,Gadgetwood,Device Repair Svcs,,Delhi,"Ajai Chowdhry, Ashvin Chadha, Yogesh Bansal, Nitin Singhal & Others",Seed / Angel,200000.0,,2015,4
2823,2015-04-09,Bonhomia,Premium Beverages,,Delhi,"Kanwaljit Singh, Shripad Nadkarni, Sarvesh Shahra & Others",Seed / Angel,2000000.0,,2015,4
2824,2015-04-09,Changer Mints,Digital / Mobile Wallet,,Kolkata,Hyderabad based investor,Seed / Angel,165000.0,,2015,4
2825,2015-04-09,Urban Ladder,Online Furnishing eCommerce,,Bengaluru,"Sequoia Capital, TR Capital, Steadview Capital, SAIF Partners, Kalaari Capital",Private Equity,50000000.0,Series C,2015,4
2827,2015-04-10,Whatfix,Interactive How-To Guides,,Bengaluru,"Helion Venture Partner, Powerhouse Ventures, GSF and Other angel investors",Seed / Angel,900000.0,,2015,4
2829,2015-04-11,Zomato,Restaurant Reviews,,Gurugram,Info Edge (India),Private Equity,25000000.0,Late Stage,2015,4
2830,2015-04-13,ZopNow,Online Grocer,,Bengaluru,"Dragoneer Investment, Accel Partners, Qualcomm Ventures, Times Internet",Private Equity,10000000.0,Series B,2015,4
2831,2015-04-13,Nayi Disha,Education,,Delhi,"Ajay Relan,",Seed / Angel,300000.0,,2015,4
2832,2015-04-13,The Porter,Logistics Tech,,Mumbai,Kae Capital,Seed / Angel,500000.0,,2015,4
2833,2015-04-13,Commeasure,Online Hotel Booking,,Noida,Jungle Ventures,Seed / Angel,1000000.0,,2015,4
2834,2015-04-13,Capricoast,Online Kitchen Furniture,,Bengaluru,Accel Partners India,Seed / Angel,1250000.0,,2015,4
2835,2015-04-14,LocalOye,Hyper-local Online Services,,Mumbai,"Tiger Global Management, Lightspeed Venture Partners",Private Equity,5000000.0,Series A,2015,4
2836,2015-04-15,Grofers,Hyper-Local Online/Mobile Grocery,,Gurugram,"Tiger Global, Sequoia Capital",Private Equity,35000000.0,Series B,2015,4
2837,2015-04-15,PepperTap,Hyper-Local Online/Mobile Grocery,,Gurugram,"SAIF Partners, Sequoia Capital",Private Equity,10000000.0,Series A,2015,4
2838,2015-04-15,PolicyBazaar,Online Policy Aggregator,,Gurugram,"PremjiInvest, Tiger Global, Ribbit Capital",Private Equity,40000000.0,Series D,2015,4
2839,2015-04-16,UrbanClap,Hyperlocal Mobile Services Marketplace,,Delhi,"SAIF Partners, Accel Partners, Kunal Bahl, Rohit Bansal",Seed / Angel,1600000.0,,2015,4
2840,2015-04-16,Taskbob,OnDemand Mobile Handyman Services,,Mumbai,"Orios Venture Partners, Mayfield India",Seed / Angel,1200000.0,,2015,4
2841,2015-04-17,Robosoft,Mobile App Development,,Udupi,"Ascent Capital, Kalaari Capital",Private Equity,12000000.0,Series B,2015,4
2844,2015-04-20,Pastiwala,Material Collection & Recycling,,Vadodara,Agnus Capital,Private Equity,4000000.0,Series A,2015,4
2845,2015-04-20,1mg (Healthkartplus),Online Pharmacy & Drug DB,,Gurugram,"Deep Kalra, Sequoia Capital, Omidyar Network, Intel Capital & Kae Capital",Private Equity,6000000.0,Series A,2015,4
2846,2015-04-20,Freshdesk,Online / Mobile Customer Support,,Chennai,"Tiger Global, Google Capital & Accel Partners",Private Equity,50000000.0,Series E,2015,4
2847,2015-04-20,Sulekha.com,Online Classifieds & Listings,,Chennai,GIC ventures,Private Equity,28000000.0,Series C,2015,4
2849,2015-04-22,Eat.Shop.Love,Fashion ECommerce,,Bengaluru,Undisclosed Investor,Private Equity,3500000.0,Series A,2015,4
2850,2015-04-22,Avanti Learning,Private Coaching Centers,,Delhi,"Michael & Susan Dell Foundation, Pearson Learning Fund",Private Equity,1500000.0,Series A,2015,4
2851,2015-04-23,Simplilearn,Online Certification Courses,,Bengaluru,"Mayfield Ventures, Kalaari Capital, Helion Ventures",Private Equity,15000000.0,Series C,2015,4
2852,2015-04-23,Craftstvilla,Ethnic Product eCommerce,,Mumbai,"Sequoia Capital, Nexus venture Partners, Lightspeed Ventures, GFC",Private Equity,18000000.0,Series B,2015,4
2853,2015-04-23,HeadOut,Last Minute Travel Deals mobile marketplace,,Bengaluru,"Version One Ventures, 500 Startups, Nexus Venture Partners and Arena Ventures",Seed / Angel,1800000.0,,2015,4
2854,2015-04-23,happay,usiness expense management,,Bengaluru,AngelPrime,Seed / Angel,500000.0,,2015,4
2855,2015-04-23,Jugnoo,Auto Rickshaw based Logistics,,Chandigarh,"Rakesh Mathur, Vikas Taneja & others",Seed / Angel,1000000.0,,2015,4
2858,2015-04-24,Coverfox,Online Insurance Aggregator,,Mumbai,"Accel US, Accel India, SAIF Partners.",Private Equity,12000000.0,Series B,2015,4
2859,2015-04-27,Torqus,Restaurant Management Platform,,Pune,S S Mukherji & Others,Seed / Angel,350000.0,,2015,4
2860,2015-04-27,Grab,Food Logistics & Delivery,,Mumbai,"Oliphans Capital, Haresh Chawla",Seed / Angel,1000000.0,,2015,4
2861,2015-04-27,LogicRoots,Interactive Educational Games,,Jaipur,"Ah! Ventures, Calcutta Angels, 91SpringBoard",Seed / Angel,400000.0,,2015,4
2863,2015-04-28,Babajobs,Grey collar Job Board,,Bengaluru,SEEK Ltd & affiliates,Private Equity,10000000.0,Series B,2015,4
2865,2015-04-28,Jay Robotix,Robotic Program learning,,Hyderabad,Cross Border Angels & others,Seed / Angel,250000.0,,2015,4
2866,2015-04-28,Naaptol.com,Tele-Shopping / eCommerce,,Mumbai,Mitsui & Co & existing investors,Private Equity,21500000.0,Series C,2015,4
2867,2015-04-29,ReGlobe,Used Gadgets Buy / Refurbishing,,Gurugram,"Bessemer Ventures, Blume Ventures",Seed / Angel,1000000.0,,2015,4
2868,2015-04-29,Icertis,Cloud Enterprise Software,,Pune,"Greycroft Partners, Fidelity Growth Partners",Private Equity,6000000.0,Series A,2015,4
2869,2015-04-29,Tracxn,Startup Analytics platform,,Bengaluru,SAIF Partners,Private Equity,3500000.0,Series A,2015,4
2871,2015-04-29,Tradelab,Financial Markets Software,,Bengaluru,Rainmatter,Seed / Angel,400000.0,,2015,4
2872,2015-04-29,PiQube,Hiring Analytics platform,,Chennai,The HR Fund,Seed / Angel,500000.0,,2015,4
2873,2015-04-29,Travel Triangle,Online Travel Marketplace,,Noida,"Bessemer Venture Partners, SAIF Partners",Private Equity,8000000.0,Series B,2015,4
2874,2015-03-02,TrulyMadly.com,Unknown,,Unknown,"Helion Venture Partners, Kae Capital",Private Equity,5500000.0,Series A,2015,3
2875,2015-03-02,InstaLively,Unknown,,Unknown,Group of Angel Investors,Seed / Angel,120000.0,,2015,3
2876,2015-03-03,Vserv,Unknown,,Unknown,"Maverick Capital, IDG Ventures India",Private Equity,15000000.0,,2015,3
2878,2015-03-05,Niffler,Unknown,,Unknown,SAIF Partners,Seed / Angel,1000000.0,,2015,3
2879,2015-03-05,CustomFurnish.com,Unknown,,Unknown,"Madhukar Gangadi, Satish Reddy, Srini Raju, Srini Koppolu & SIDBI",Private Equity,2500000.0,,2015,3
2880,2015-03-06,MapMyGenome,Unknown,,Unknown,Rajan Anandan & other angel investors,Private Equity,1200000.0,,2015,3
2881,2015-03-09,Crowdfire (formerly Justunfollow),Unknown,,Unknown,Kalaari Capital,Private Equity,2500000.0,,2015,3
2882,2015-03-09,Bite Club,Unknown,,Unknown,"Powai Lake Ventures, Aneesh Reddy, Ashish Kashyap, Alok Mittal",Seed / Angel,500000.0,,2015,3
2884,2015-03-11,Appedo,Unknown,,Unknown,Undisclosed Investors,Seed / Angel,1000000.0,,2015,3
2885,2015-03-11,Fitraq.com,Unknown,,Unknown,Tarun Arora,Seed / Angel,150000.0,,2015,3
2886,2015-03-11,ChargeBee,Unknown,,Unknown,"Tiger Global, Accel Partners",Private Equity,5000000.0,Series B,2015,3
2887,2015-03-11,Groupon India,Unknown,,Unknown,Sequoia Capital,Private Equity,20000000.0,,2015,3
2889,2015-03-12,MoonFrog Labs,Unknown,,Unknown,"Tiger Global, Sequoia Capital.",Private Equity,15000000.0,Series A,2015,3
2890,2015-03-13,Foodpanda,Unknown,,Unknown,Rocket Internet AG & others,Private Equity,110000000.0,Series C,2015,3
2892,2015-03-13,DiabetOmics,Unknown,,Unknown,"VentureEast, Varaprasad Reddy",Private Equity,5000000.0,Series C,2015,3
2894,2015-03-14,Daily Rounds,Unknown,,Unknown,"Kae Capital, GSF, Teruhide Sato",Seed / Angel,500000.0,,2015,3
2895,2015-03-14,Orobind,Unknown,,Unknown,"Zishaan Hayath, Lalit Mangal, Harpreet Singh Grover",Seed / Angel,200000.0,,2015,3
2897,2015-03-16,Digital Gorkha,Unknown,,Unknown,Ramesh kavediya,Seed / Angel,166000.0,,2015,3
2898,2015-03-16,NestAway,Unknown,,Unknown,"IDG Ventures, Naveen Tewari",Seed / Angel,1300000.0,,2015,3
2899,2015-03-16,The Better India,Unknown,,Unknown,I-cube-N,Seed / Angel,166000.0,,2015,3
2900,2015-03-16,Meru Cabs,Unknown,,Unknown,Value Fund Advisors,Private Equity,50000000.0,,2015,3
2902,2015-03-18,Drivestream,Unknown,,Unknown,Wipro,Private Equity,5000000.0,,2015,3
2903,2015-03-18,wWhere,Unknown,,Unknown,Group of Angel Investors,Seed / Angel,200000.0,,2015,3
2905,2015-03-19,Tripoto,Unknown,,Unknown,"IDG Ventures, Outbox Ventures",Private Equity,2000000.0,Pre-Series A,2015,3
2906,2015-03-19,Graphic India,Unknown,,Unknown,"CA Media LP, Start Media.",Seed / Angel,2800000.0,,2015,3
2908,2015-03-20,Lets Corp,Unknown,,Unknown,Wu Chay Chin,Seed / Angel,3000000.0,,2015,3
2909,2015-03-20,CollateBox,Unknown,,Unknown,LetsVenture,Seed / Angel,180000.0,,2015,3
2910,2015-03-20,Mahindra First Choice,Unknown,,Unknown,Valiant Capital,Private Equity,15000000.0,Series B,2015,3
2912,2015-03-23,RazorPay,Unknown,,Unknown,Y Combinator,Seed / Angel,120000.0,,2015,3
2914,2015-03-24,Furlenco,Unknown,,Unknown,LightBox Ventures,Private Equity,6000000.0,Series A,2015,3
2915,2015-03-24,Cubito,Unknown,,Unknown,Sol Primero,Seed / Angel,160000.0,,2015,3
2916,2015-03-25,Teabox,Unknown,,Unknown,"JAFCO Asia, Keystone Group, Dragoneer Investment, Accel Partners",Private Equity,6000000.0,Series A,2015,3
2917,2015-03-25,Artoo,Unknown,,Unknown,"Accion Venture Labs, Rianta Capital",Private Equity,500000.0,Series A,2015,3
2918,2015-03-25,Fxkart.com,Unknown,,Unknown,"Dr Mushtaq Shah, Dr Faraz Naqvi",Seed / Angel,2000000.0,,2015,3
2920,2015-03-25,OYO,Unknown,,Unknown,"Greenoaks capital, Sequoia Capital, LightSpeed Ventures",Private Equity,25000000.0,Series A,2015,3
2921,2015-03-26,Roposo.com,Unknown,,Unknown,"Tiger Global Management, Indian Quotient, Binny Bansal",Private Equity,5000000.0,Series A,2015,3
2922,2015-03-26,Teewe,Unknown,,Unknown,"Sequoia Capital, India Quotient",Seed / Angel,1750000.0,,2015,3
2924,2015-03-27,Urjas,Unknown,,Unknown,Solidarity Venture Capital & others,Seed / Angel,100000.0,,2015,3
2925,2015-03-27,Chargein,Unknown,,Unknown,Pittie Group,Seed / Angel,100000.0,,2015,3
2926,2015-03-28,Yogurt Labs,Unknown,,Unknown,"Nick Adams, Kiran Bhat, Family Pot Investments LLP",Seed / Angel,115000.0,,2015,3
2927,2015-03-28,LimeRoad.com,Unknown,,Unknown,"Tiger Global, Matrix Partners, Lightspeed Venture Partners",Private Equity,30000000.0,,2015,3
2928,2015-03-28,Team Indus,Unknown,,Unknown,"Nandan Nilekani, Rajiv Mody, Ajai Chowdhary",Private Equity,1500000.0,Pre-Series A,2015,3
2929,2015-03-30,Arohan Financial Services,Unknown,,Unknown,Tano Capital,Private Equity,10000000.0,,2015,3
2930,2015-03-30,BillDesk,Unknown,,Unknown,TA Associates,Private Equity,75000000.0,Incremental Capital,2015,3
2931,2015-03-31,Triphobo,Unknown,,Unknown,"Mayfield Ventures, Kalaari Capital",Private Equity,3000000.0,Series B (More Here),2015,3
2932,2015-03-31,Aryaka,Unknown,,Unknown,"Trinity Ventures, InterWest Partners, Mohr Davidow Ventures, Presidio Ventures",Private Equity,16000000.0,Series D,2015,3
2933,2015-03-31,Appsdaily,Unknown,,Unknown,"Zodius Capital, Ru-Net, Kalaari Capital, Qualcomm Ventures",Private Equity,16000000.0,Series C,2015,3
2934,2015-02-02,Faaya,Unknown,,Unknown,Group of Angel Investors,Seed / Angel,16600.0,At the 10 minute million event,2015,2
2935,2015-02-02,InstaBounce,Unknown,,Unknown,Group of Angel Investors,Seed / Angel,16600.0,At the 10 minute million event,2015,2
2936,2015-02-02,Chloroplast Foods,Unknown,,Unknown,Group of Angel Investors,Seed / Angel,16600.0,At the 10 minute million event,2015,2
2937,2015-02-02,Dealwithus,Unknown,,Unknown,Group of Angel Investors,Seed / Angel,16600.0,At the 10 minute million event,2015,2
2938,2015-02-02,CleverSharks,Unknown,,Unknown,Group of Angel Investors,Seed / Angel,16600.0,At the 10 minute million event,2015,2
2939,2015-02-02,Leaf,Unknown,,Unknown,Group of Angel Investors,Seed / Angel,16600.0,At the 10 minute million event,2015,2
2940,2015-02-02,SmartPocket,Unknown,,Unknown,"Sol Primero, Rajiv Mehta",Seed / Angel,250000.0,For mobile app,2015,2
2941,2015-02-02,Yumist,Unknown,,Unknown,Orios Venture Partner,Private Equity,1000000.0,,2015,2
2943,2015-02-02,FirstCry,Unknown,,Unknown,Valiant Capital Partners,Private Equity,26000000.0,Series D,2015,2
2944,2015-02-02,HolaChef,Unknown,,Unknown,India Quotient,Seed / Angel,325000.0,,2015,2
2945,2015-02-03,Frsh.co.in,Unknown,,Unknown,"India Quotient, Kae Capital",Seed / Angel,518000.0,,2015,2
2946,2015-02-03,Manthan,Unknown,,Unknown,"Temasek, Norwest Venture Partners",Private Equity,60000000.0,Series D,2015,2
2948,2015-02-05,Culture Machine,Unknown,,Unknown,"Tiger Global, Times Internet, Zodius Capital",Private Equity,18000000.0,Series B,2015,2
2950,2015-02-05,Aisle.co,Unknown,,Unknown,"Anand Vijay, Shashank Mehrotra & Others",Seed / Angel,100000.0,,2015,2
2951,2015-02-06,FreeCharge,Unknown,,Unknown,"Valiant Capital, Tybourne Capital, Sequoia Capital, RuNet and Sofina",Private Equity,80000000.0,Series C,2015,2
2952,2015-02-06,NewsHunt,Unknown,,Unknown,"Falcon Edge Capital, Matrix Partners India, Sequoia Capital India and Omidyar Network",Private Equity,40000000.0,Series C,2015,2
2953,2015-02-09,MyNoticePeriod,Unknown,,Unknown,IDG Ventures,Private Equity,3000000.0,Series A,2015,2
2955,2015-02-09,Faasos,Unknown,,Unknown,Lightbox Ventures,Private Equity,20000000.0,Series B,2015,2
2958,2015-02-11,Capital Float,Unknown,,Unknown,"SAIF Partners, Sequoia Capital, Aspada",Private Equity,13000000.0,Series A,2015,2
2959,2015-02-11,Nimble Wireless,Unknown,,Unknown,AngelPrime,Seed / Angel,3000000.0,,2015,2
2962,2015-02-12,Stayzilla,Unknown,,Unknown,"Nexus Venture Partners, Matrix Partners",Private Equity,20000000.0,Series B,2015,2
2963,2015-02-12,Practo,Unknown,,Unknown,"Sequoia Capital, Matrix Partners",Private Equity,30000000.0,Series B,2015,2
2965,2015-02-13,20Dresses,Unknown,,Unknown,"Srinivas Aluri, Srinivas Modukury, BS Nagesh",Seed / Angel,1000000.0,,2015,2
2966,2015-02-13,Itzcash,Unknown,,Unknown,Ashok Goel (promoter),Private Equity,16500000.0,Promoter Commitment,2015,2
2967,2015-02-16,NewsInShorts,Unknown,,Unknown,"Tiger Global, Rebright Partners, Sachin and Binny Bansal",Private Equity,4150000.0,Series A,2015,2
2968,2015-02-16,iTraveller.com,Unknown,,Unknown,ah! Ventures,Private Equity,1000000.0,Series A,2015,2
2970,2015-02-18,Wooplr.com,Unknown,,Unknown,Helion Venture Partners,Private Equity,5000000.0,Series A,2015,2
2971,2015-05-19,Springleap,Unknown,,Unknown,Cross Border Angels,Seed / Angel,800000.0,,2015,5
2972,2015-02-20,Klip.in,Unknown,,Unknown,"Calcutta Angels, Venture Nursery Angels Mumbai Angels",Seed / Angel,500000.0,,2015,2
2973,2015-02-20,Renderlogy,Unknown,,Unknown,Brick Eagle,Private Equity,1600000.0,Series A,2015,2
2974,2015-02-21,Appbase,Unknown,,Unknown,"DA-IICT, Techstars, Carnegie Mellon University, Startup Brasil program",Seed / Angel,290000.0,Grant + Seed funding,2015,2
2975,2015-02-23,HomeLane,Unknown,,Unknown,"Sequoia Capital, Ranjan Pai, Mohandas Pai & others",Private Equity,4500000.0,Series A,2015,2
2976,2015-02-23,Trip38,Unknown,,Unknown,"InterGlobe Technology Quotient, Lantern Capital",Private Equity,1000000.0,Series A,2015,2
2977,2015-02-23,Smartairtrip.com,Unknown,,Unknown,Undisclosed,Private Equity,10000000.0,Series A,2015,2
2978,2015-02-23,NoBroker,Unknown,,Unknown,"SAIF Partners, Fulcrum Ventures",Private Equity,3000000.0,Series A,2015,2
2979,2015-02-24,Caravan Craft Retail,Unknown,,Unknown,"Unitus Seed Fund Narayan Ramachandran, Bijou Kurien",Seed / Angel,500000.0,,2015,2
2981,2015-02-25,Clonect Solutions,Unknown,,Unknown,"V Balakrishnan, T V Mohandas Pai, BC Prabhakar",Seed / Angel,250000.0,,2015,2
2982,2015-02-25,TaxSutra,Unknown,,Unknown,"V Balakrishnan, T V Mohandas Pai",Seed / Angel,160000.0,,2015,2
2984,2015-02-25,Sattviko,Unknown,,Unknown,"Sumit Jain, Rajat Jain, Sanjay Bhasin",Seed / Angel,320000.0,,2015,2
2985,2015-02-25,IndustryBuying,Unknown,,Unknown,SAIF Partners,Private Equity,2000000.0,Series A,2015,2
2987,2015-02-26,TinyOwl,Unknown,,Unknown,"Matrix Partners, Sequoia Capital, Nexus Venture Partners",Private Equity,16000000.0,Series B,2015,2
2988,2015-02-27,Momoe,Unknown,,Unknown,"IDG Ventures India, Jungle Ventures, India Quotient.",Seed / Angel,1200000.0,,2015,2
2989,2015-02-27,Grofers,Unknown,,Unknown,"Tiger Global Management, Sequoia Capital India",Private Equity,10000000.0,Series A,2015,2
2990,2015-01-02,LensKart,Unknown,,Unknown,"TPG Growth, TR Capital, IDG Ventures",Private Equity,2150000.0,,2015,1
2991,2015-01-02,VioletStreet,Unknown,,Unknown,"Venkat Vallabhneni, Sudhakar Reddy, Srinivasa Rao Paturi",Seed / Angel,315000.0,,2015,1
2992,2015-01-05,Lookup,Unknown,,Unknown,"DeNA Co., Japan & Teruhide Sato (in Addition to MKS Switzerland & Kris GopalKrishnan)",Seed / Angel,380000.0,,2015,1
2993,2015-01-05,#Fame,Unknown,,Unknown,TO THE NEW Ventures,Private Equity,10000000.0,,2015,1
2994,2015-01-05,Gympik,Unknown,,Unknown,"Tom Clausen, Rohan Ajila, Haldyn Glass",Seed / Angel,135000.0,,2015,1
2995,2015-01-06,Near.in,Unknown,,Unknown,"Anupam Mittal, Manish Vij, Prashant Tandon, Gaurav Agarwal, Akash Agarwal, Himanshu Aggarwal, Kevin Parikh",Seed / Angel,285000.0,,2015,1
2997,2015-01-06,NumberMall,Unknown,,Unknown,SRI Capital,Private Equity,10000000.0,,2015,1
2998,2015-01-06,Tookitaki,Unknown,,Unknown,"Jungle Ventures, Redbright Partners, Blume Ventures",Private Equity,1000000.0,,2015,1
2999,2015-01-06,Frankly,Unknown,,Unknown,Matrix Partners,Seed / Angel,600000.0,,2015,1
3001,2015-01-07,Nurturey,Unknown,,Unknown,Seedrs Crowd funding platform,Crowd Funding,125000.0,,2015,1
3003,2015-01-07,Stridalyzer,Unknown,,Unknown,Kickstarter,Crowd Funding,30768.0,,2015,1
3004,2015-01-07,Commonfloor,Unknown,,Unknown,Google Capital,Private Equity,5000000.0,3rd Round,2015,1
3006,2015-01-09,YepMe,Unknown,,Unknown,"JS Capital, Helion Venture Partners, Capricorn Investment Group",Private Equity,13000000.0,Series A,2015,1
3009,2015-01-12,MyDreamStore,Unknown,,Unknown,Undisclosed Investors,Seed / Angel,290000.0,,2015,1
3011,2015-01-14,RateGain,Unknown,,Unknown,TA Associates,Private Equity,50000000.0,,2015,1
3012,2015-01-15,Wishberry,Unknown,,Unknown,"Rajan Anandan, Shankar Mahadevan, Deep Kalra & Others",Seed / Angel,650000.0,,2015,1
3013,2015-01-16,eKincare,Unknown,,Unknown,Adroitent Pvt. Ltd.,Seed / Angel,161000.0,,2015,1
3014,2015-01-18,ShopClues,Unknown,,Unknown,Tiger Global & Other investors,Private Equity,100000000.0,More Details,2015,1
3015,2015-01-19,Refiral,Unknown,,Unknown,Cogent E Services,Seed / Angel,330000.0,,2015,1
3017,2015-01-19,HealthyWorld.in,Unknown,,Unknown,Group of Angel Investors,Seed / Angel,200000.0,,2015,1
3018,2015-01-19,Hostel Dunia,Unknown,,Unknown,Hyderabad Angels (at Startup Heroes event),Seed / Angel,16000.0,,2015,1
3019,2015-01-19,Play your sport,Unknown,,Unknown,Hyderabad Angels (at Startup Heroes event),Seed / Angel,16000.0,,2015,1
3020,2015-01-19,Yo Grad,Unknown,,Unknown,Hyderabad Angels (at Startup Heroes event),Seed / Angel,16000.0,,2015,1
3021,2015-01-19,Enabli,Unknown,,Unknown,Hyderabad Angels (at Startup Heroes event),Seed / Angel,16000.0,,2015,1
3022,2015-01-19,CBS,Unknown,,Unknown,Hyderabad Angels (at Startup Heroes event),Seed / Angel,16000.0,,2015,1
3023,2015-01-20,Hopscotch,Unknown,,Unknown,Eduardo Saverin & Velos Capital,Private Equity,11000000.0,,2015,1
3025,2015-01-20,HealthyWorld.in,Unknown,,Unknown,Group of Angel Investors,Seed / Angel,200000.0,,2015,1
3026,2015-01-21,Simplilearn,Unknown,,Unknown,"Mayfield India, Kalaari Capital, Helion Ventures",Private Equity,14750000.0,,2015,1
3027,2015-01-21,MyDreamStore,Unknown,,Unknown,Undisclosed Investors,Seed / Angel,325000.0,,2015,1
3029,2015-05-21,Villgro,Unknown,,Unknown,Michael & Susan Dell Foundation,Seed / Angel,3250000.0,To fund edu startups,2015,5
3030,2015-01-22,Corporate360,Unknown,,Unknown,Group of Angel Investors,Seed / Angel,200000.0,,2015,1
3033,2015-01-22,Antuit,Unknown,,Unknown,"Goldman Sachs, Zodius Capital",Private Equity,56000000.0,,2015,1
3034,2015-01-22,Caratlane.com,Unknown,,Unknown,Tiger Global,Private Equity,31000000.0,Series D,2015,1
3035,2015-01-24,Aasaanjobs,Unknown,,Unknown,"Inventus Capital Partners, IDG Ventures",Seed / Angel,1500000.0,,2015,1
3037,2015-01-25,Thrill App,Unknown,,Unknown,People Group (Shaadi.com),Private Equity,1000000.0,Strategic Funding,2015,1
3038,2015-01-27,CarDekho.com,Unknown,,Unknown,"Hillhouse Capital, Tybourne Capital",Private Equity,50000000.0,Series B,2015,1
3039,2015-01-28,Grabhouse.com,Unknown,,Unknown,"Kalaari Capital, Sequoia Capital",Private Equity,2500000.0,Series A,2015,1
3040,2015-01-29,Printvenue,Unknown,,Unknown,Asia Pacific Internet Group,Private Equity,4500000.0,,2015,1
3041,2015-01-29,Graphene,Unknown,,Unknown,KARSEMVEN Fund,Private Equity,825000.0,Govt backed VC Fund,2015,1
3042,2015-01-30,Mad Street Den,Unknown,,Unknown,"Exfinity Fund, GrowX Ventures.",Private Equity,1500000.0,,2015,1
3044,2015-01-31,couponmachine.in,Unknown,,Unknown,UK based Group of Angel Investors,Seed / Angel,140000.0,,2015,1
